-9.761338095,-11.54521905,-16.77521429,-3.576595238,-11.74516667,-0.895419048,-16.67920476,-5.854428571,-14.47314286,-4.281365854,-6.658456098,-14.51160244,0.534968293,-10.15125122,1.568009756,-15.54691463,-2.66837561,-13.59788537,0.046030097,0.058409709,0.03858835,0.053596117,0.052461165,0.113161165,0.008013592,0.044490291,-0.005641748,-14.81596311,-23.17384951,-25.62664563,-13.28528155,-23.22303689,-23.62259612,-19.07193107,-19.52914175,-26.6771466
8.717519048,11.46261905,7.979109524,9.429738095,6.912861905,6.242342857,4.6901,2.7952,1.938528571,6.607412195,9.957392683,9.541909756,7.680902439,8.607368293,1.568734146,10.50595366,2.997704878,6.923490244,0.06538835,0.086743689,0.100564078,0.034268932,0.083760194,0.02857767,0.07975534,0.015278641,0.066728155,19.33745728,18.3598699,15.22415534,13.44229223,16.98140388,11.95386796,10.1684699,5.831319417,6.503993204
-4.027285714,-3.992038095,-1.104119048,-3.319471429,0.321314286,0.419538095,0.030619048,2.828195238,2.731533333,11.48556585,13.75787805,18.36887561,12.48512927,13.98743415,14.65976098,13.41024878,18.66322195,16.1108122,0.01696699,0.013399029,0.042730097,-0.014129126,0.01398932,0.025109709,0.005638835,0.010765049,0.011351456,5.443105825,1.081921359,0.316870874,1.199501942,0.929949515,1.343814563,3.131846602,3.691147573,0.338881553
0.394095238,-0.663185714,-1.372871429,3.974642857,-1.613666667,2.37602381,-1.5045,2.945,-1.08222381,11.77239512,13.60362195,17.70531463,12.59534146,8.055663415,14.44102439,13.02687073,17.38653902,15.20763415,0.031598058,0.012953398,-0.00575534,0.077057282,0.015026214,0.037014563,0.002952427,0.05373301,0.010069903,5.417850485,3.702130097,7.823421359,5.336565049,-0.448384466,7.983687379,6.57914466,8.474662136,9.381523301
-9.368090476,-12.02982857,-10.2801,-7.846471429,-8.170985714,-10.19222857,-6.907095238,-14.041,-9.666709524,3.829656098,2.245853659,3.302860976,8.796280488,5.86552439,6.957682927,5.901221951,3.791339024,2.497285366,-0.059951456,-0.095650485,-0.097453398,-0.112103883,-0.063835922,-0.077416505,-0.053271845,-0.092769903,-0.082808738,-6.464375728,-6.817497087,-6.286746602,0.212775728,-5.815893204,2.517058252,-1.101035922,-4.325140777,-4.83274466
-10.79025714,-10.57236667,-14.63653333,-9.880271429,-15.22922381,-14.0601619,-14.10109048,-15.78203333,-12.05539524,-0.33504878,2.496195122,5.537017073,3.437665854,-0.722741463,5.066717073,3.164307317,0.12677561,5.167939024,0.010278641,-0.022248544,-0.00981068,0.026435922,0.010704854,-0.01141068,0.040781553,-0.023567961,0.054571845,2.653334951,4.611185437,10.51864078,1.485885437,5.749364078,9.621524272,7.3048,7.605020388,10.28765825
5.616595238,9.261604762,11.47264286,5.89207619,3.369304762,13.73656667,5.326266667,11.24268095,6.140795238,15.98274878,20.42535854,21.15453415,11.13724146,13.4134439,19.63072195,14.69187805,17.2701122,16.80794146,-0.006578641,-0.010420388,-0.024486408,0.023017476,-0.005620388,0.048697087,0.025632039,0.035983495,-0.000568932,8.461516505,4.007863107,6.963095146,3.858033981,3.631086408,4.625062136,3.99814466,0.623963107,2.888227184
12.26234762,14.2450619,16.9899619,10.31427143,9.561066667,9.339833333,12.02565238,7.889761905,11.9029,8.903656098,9.11325122,11.80143902,5.474831707,11.37876098,3.587141463,11.71943659,2.118182927,12.1206878,0.120970874,0.149992233,0.162838835,0.152725243,0.116737864,0.128612621,0.074639806,0.079948544,0.073483495,1.25488932,-1.624842718,-9.331274757,-10.25578738,-4.502193204,-4.432199029,-3.265364078,-1.780956311,-2.878127184
-0.596852381,-1.241680952,-3.727728571,8.685595238,-4.91327619,6.42372381,-3.755538095,2.639980952,-4.314109524,12.1381561,13.52368049,15.09450732,16.36427561,11.46736098,16.18760732,13.8345878,13.11642195,12.07419268,0.015832039,0.028162136,0.017762136,0.034719417,-0.010374757,0.005003883,-0.060403883,-0.017833981,-0.076516505,15.74331068,13.83563981,12.95261845,18.71273883,10.76046214,15.53652913,14.7992534,10.22699417,15.55017476
-6.015471429,-7.863442857,-9.716157143,-6.245338095,-5.074047619,-1.253328571,-4.245752381,-0.5911,-5.665014286,13.11611951,13.2976561,9.712860976,14.3662439,10.34817561,14.16268049,11.52062683,14.04286585,13.88930488,-0.132309709,-0.134016505,-0.10008932,-0.139237864,-0.129842718,-0.065191262,-0.105256311,-0.056657282,-0.085769903,9.007501942,3.133649515,0.075686408,-1.499597087,6.292325243,0.411693204,0.094025243,4.647629126,2.25446699
-8.439419048,-11.6058,-6.869338095,-4.685542857,-5.668019048,1.312342857,-0.086047619,1.164042857,2.695133333,13.03721463,17.4871122,28.05405366,20.11127317,14.89743171,26.24698293,23.91705366,26.1565561,26.98360976,-0.078035922,-0.098783495,-0.11996699,-0.05582233,-0.105618447,-0.011437864,-0.078517476,-0.010269903,-0.070417476,-5.143014563,-6.677752427,-1.426583495,0.309129126,0.453882524,-4.59198835,2.109884466,5.531433981,2.804457282
8.009242857,10.47245238,7.978966667,6.232680952,11.94127619,9.5418,11.27250476,2.378009524,7.989371429,13.52755122,16.58980976,13.02018293,17.05054146,14.56605122,13.52193415,16.94100976,11.67232439,14.60340976,0.186472816,0.217909709,0.212998058,0.172697087,0.174326214,0.214879612,0.178066019,0.18102233,0.164263107,6.992637864,7.439205825,0.720880583,4.417863107,2.848547573,5.437859223,-0.577567961,-2.156253398,1.392205825
-6.1297,-5.76132381,0.4458,-11.2093381,-0.479780952,-2.066919048,3.265757143,-2.951804762,4.450885714,9.511258537,8.678290244,9.456236585,7.695578049,10.40869024,15.7279122,13.25593415,14.68363415,13.3201,0.166241748,0.148187379,0.127628155,0.153512621,0.172820388,0.139329126,0.146947573,0.146785437,0.115609709,7.28738932,1.941464078,-0.304845631,1.95075534,6.072412621,4.486263107,3.693007767,6.686769903,3.298546602
14.50363333,17.43761905,22.02941429,13.57088095,12.35965238,15.84625714,15.28916667,16.5634619,17.85342857,17.2060561,21.2115439,26.28642195,10.17127561,21.51451951,10.59482683,22.11772683,6.773153659,21.85902683,0.00484466,0.001564078,0.022066019,-0.009874757,0.024964078,0.020468932,-0.003701942,-0.007370874,-0.016149515,8.184208738,13.55414951,18.86563883,5.091940777,8.317061165,3.029757282,8.614069903,7.173759223,13.00913981
-25.50025238,-27.90668095,-23.90946667,-17.87955714,-20.99912857,-12.72920952,-15.56144762,-12.9154619,-15.3826381,-5.146017073,-2.802417073,0.2808,0.622404878,-4.799895122,9.037565854,0.619126829,6.365826829,3.278739024,0.036924272,0.031973786,0.008471845,-0.003936893,0.003608738,-0.039348544,0.011858252,0.014840777,-0.008467961,-3.306416505,-2.267149515,-1.861118447,-2.370060194,-3.663373786,-0.747687379,-1.867700971,-2.962705825,-1.882183495
-1.455833333,1.0973,8.074938095,-0.16032381,-1.01877619,4.857866667,2.95152381,10.17830952,6.027209524,9.695353659,14.14526098,22.33475366,6.927258537,7.950780488,10.87104634,11.85733415,15.6139439,14.40365122,0.009595146,-0.01094466,-0.010071845,-0.030186408,0.00793301,-0.000404854,-0.00072233,0.026325243,-0.011115534,4.787243689,2.522807767,9.577040777,6.364964078,6.170871845,3.740483495,6.613226214,7.609071845,8.653752427
7.101971429,9.017380952,11.13389524,10.66755238,5.955714286,3.926119048,4.521657143,11.80845714,6.155247619,15.01210976,17.30098537,19.05697073,17.39565854,16.16561707,13.95562439,14.23955122,16.41062683,14.60247073,0.100806796,0.115479612,0.118614563,0.104303883,0.10917767,0.091727184,0.091419417,0.065168932,0.085532039,13.50694757,15.69732718,12.01239806,12.47424757,17.69799709,8.873967961,12.41618252,14.31641456,9.789216505
-9.490752381,-8.463219048,-5.588504762,-12.69095714,-4.752690476,-13.8255381,-6.500938095,-14.69542857,-4.65937619,-8.57887561,-9.832709756,-10.72594634,-6.971095122,-7.377156098,-9.825292683,-12.38075122,-11.36150732,-14.21347073,-0.038266019,-0.035731068,-0.014882524,-0.028774757,-0.012727184,-0.019712621,0.007500971,-0.01611165,0.015442718,-16.1202233,-15.77185243,-20.09445146,-15.31629223,-16.30377961,-17.00278155,-17.41755146,-22.08342524,-25.3292767
-4.584838095,-3.829061905,-0.650728571,1.798980952,-4.729528571,5.657885714,-0.76367619,8.196647619,2.484385714,14.57495122,17.68032927,19.64628537,17.19226829,11.17867317,20.13126829,12.39799756,19.13138049,14.64293415,0.021275728,0.047820388,0.048117476,0.038679612,0.02314466,0.038238835,0.03037767,0.029556311,0.054861165,13.00204272,13.67280874,16.09963301,16.84724951,8.770833981,13.74877282,10.93295437,15.96059612,9.236052427
-8.570409524,-8.698566667,-7.841404762,-4.816328571,-16.10239048,-7.214004762,-14.4657619,-12.10851429,-12.39368095,0.490773171,2.043831707,2.950882927,2.895531707,-6.30402439,1.529312195,-6.90197561,-2.151687805,-5.051595122,-0.017540777,-0.022346602,-0.050167961,0.019491262,-0.056369903,-0.040037864,-0.05967767,-0.050038835,-0.067292233,-1.627350485,-5.318163107,-4.21197767,-0.50601165,-7.082424272,3.673659223,-8.320249515,-0.044683495,-4.51623301
-9.978780952,-9.588109524,-11.90655714,-10.22605238,-11.70665238,-7.022142857,-10.79626667,-8.166833333,-11.22338571,17.3295878,21.67520244,20.27871951,12.97998049,18.87362683,12.5700878,18.19196585,13.56429756,18.21106585,0.028650485,0.026500971,0.066465049,0.047335922,0.059773786,0.066604854,0.082897087,0.0499,0.082385437,3.314482524,4.574931068,5.222939806,5.116742718,0.867478641,8.444405825,5.611165049,6.809069903,1.245815534
1.687652381,2.982561905,9.603785714,6.579738095,3.13527619,12.78080952,5.27857619,9.871142857,6.522947619,6.897539024,10.28317561,16.65125366,14.74860732,4.342041463,14.9670561,6.407497561,10.94295122,6.994880488,-0.000902913,-0.02853301,-0.023172816,0.001525243,-0.004941748,-0.010164078,0.00263301,-0.034280583,-0.023053398,7.085920388,9.527595146,11.16667864,15.71658058,7.045123301,3.773429126,6.024621359,6.740434951,4.61448932
-8.209328571,-7.655547619,-5.161585714,-3.506761905,-11.97408095,-2.491819048,-12.57869524,-7.167304762,-12.13534762,5.048704878,5.030792683,9.254582927,4.591529268,0.016160976,6.670670732,4.625139024,6.022453659,4.953109756,-0.122120388,-0.130259223,-0.099967961,-0.117318447,-0.134005825,-0.080357282,-0.105974757,-0.039623301,-0.066570874,6.765867961,3.401712621,1.338259223,5.885124272,3.117452427,15.34132621,3.346808738,3.689417476,2.317514563
0.7175,0.222080952,1.805419048,1.134138095,2.108619048,-0.147828571,0.296466667,-0.743109524,0.590719048,1.503958537,3.34542439,3.573795122,5.630914634,1.173043902,0.755263415,-2.783731707,-2.364536585,-4.065341463,-0.026162136,-0.035706796,-0.028557282,-0.017474757,-0.008898058,-0.009569903,-0.015656311,0.004474757,-0.002380583,-17.66783592,-17.76298738,-18.50354563,-14.70476699,-14.40277379,-15.69015922,-14.28970291,-13.5012233,-13.30001165
-8.578347619,-6.249238095,-3.793342857,-8.048019048,-5.068819048,-7.417052381,-4.16477619,-1.5923,-3.872857143,-1.038541463,1.725485366,0.189,3.323878049,-3.357846341,-4.892197561,-6.962946341,0.748785366,-6.142960976,-0.175312621,-0.175980583,-0.189625243,-0.182912621,-0.166101942,-0.169820388,-0.140221359,-0.134061165,-0.125650485,13.45239806,11.82407184,16.43278835,8.870590291,13.27433786,2.473890291,16.64589515,11.42707184,13.46941553
5.843080952,5.704419048,7.829252381,6.815533333,1.09722381,3.43807619,1.25112381,3.469538095,5.515619048,8.695095122,10.1113878,12.76535122,12.31683659,7.562902439,9.928129268,10.43816585,13.34168537,12.72677561,0.089153398,0.121234951,0.129978641,0.107774757,0.085051456,0.134728155,0.101861165,0.130106796,0.106106796,11.2371767,14.82656505,14.40643786,6.574431068,7.166029126,11.87564369,5.341456311,16.53149126,13.51054757
-2.970633333,-0.334471429,-3.061185714,-2.622819048,-3.804071429,-1.292895238,-10.22384286,-6.10787619,-9.936728571,6.213239024,9.896109756,8.584980488,8.710221951,3.158680488,14.88740244,-0.624019512,8.730968293,3.545119512,-0.023725243,-0.023497087,-0.048371845,-0.052252427,-0.040007767,-0.020252427,-0.05077767,-0.050278641,-0.038620388,4.961443689,6.792247573,5.279190291,15.26572136,4.18651068,1.976759223,5.024102913,3.215361165,3.663561165
2.622809524,3.155938095,-0.119819048,10.45415714,-0.344947619,1.196795238,-1.566014286,4.752185714,-0.400395238,19.47091951,21.8458561,20.59663659,24.33105122,14.09736829,15.6962,13.56054878,23.5507439,17.70397561,0.016445631,0.032301942,0.07834466,-0.009976699,0.068668932,0.027938835,0.103413592,0.049564078,0.130606796,5.23858835,8.214570874,0.980687379,15.18320874,0.688451456,0.449643689,-3.237739806,4.660431068,1.744195146
-0.732933333,2.395785714,12.80979524,-2.126847619,7.29097619,4.112390476,9.290657143,1.051838095,6.927890476,5.957546341,5.882953659,13.4641439,3.934978049,8.108260976,13.89015366,12.40663171,11.23657317,10.40760732,0.086501942,0.070758252,0.04037767,0.141867961,0.052867961,0.130012621,0.018397087,0.036414563,0.00166699,-0.017181553,-0.751639806,9.767643689,-6.950812621,5.18815534,3.881212621,8.948601942,13.35936893,12.81567184
1.862638095,4.868028571,4.474914286,2.210385714,6.904619048,-0.888909524,5.225642857,-2.100147619,7.132504762,14.49539024,16.33062439,19.58483659,17.91175854,16.30360488,15.50658049,17.53727317,17.06908537,22.13773659,0.103081553,0.14005534,0.162499029,0.107434951,0.094317476,0.146236893,0.088140777,0.190068932,0.108250485,9.178513592,8.288380583,12.91463689,8.177290291,10.59014369,8.977107767,9.781686408,9.832898058,12.79546505
2.239695238,4.314814286,3.7012,-1.174042857,2.985661905,-2.38577619,5.786038095,0.454895238,5.953842857,-3.776931707,-2.63364878,-4.374434146,-5.18922439,-3.386734146,-5.345663415,-0.986134146,-0.781534146,-4.052190244,0.144867961,0.172791262,0.183318447,0.103980583,0.15873301,0.108490291,0.144148544,0.085015534,0.152993204,7.838253398,10.80660194,8.928717476,8.499196117,12.73842816,6.934228155,10.58190194,12.90017961,12.07590777
11.49709524,10.4371,4.289104762,19.3011381,5.339614286,19.15042857,0.675071429,11.01991905,-3.888566667,9.855419512,11.62564146,10.22730976,18.87042927,5.337341463,20.9665878,2.695558537,14.59259756,2.21422439,0.10985534,0.140529126,0.11371068,0.109796117,0.087979612,0.128487379,0.056415534,0.12203301,0.051934951,6.461004854,8.761617476,2.695901942,19.0194,0.182993204,19.78946602,-1.949248544,14.34403107,-1.46925534
-7.465933333,-8.288104762,-9.946314286,-9.600366667,-12.6838619,-14.83245238,-15.66563333,-9.993490476,-14.70385238,3.562558537,4.476253659,7.059302439,3.200480488,0.717907317,-1.037517073,0.191785366,4.31962439,-0.07645122,0.10336699,0.098653398,0.063352427,0.074214563,0.124630097,0.013842718,0.092702913,-0.028827184,0.076062136,-3.7111,-4.707540777,-6.208352427,-7.047370874,-4.632095146,-7.673156311,-4.654184466,-3.142284466,-5.028368932
9.466728571,12.8383,18.15374286,12.81004762,7.699238095,13.6606619,10.99579524,11.9187619,13.02893333,26.36273415,27.40400488,27.26636341,29.7888,21.97352439,25.18878293,21.96968293,22.93153171,20.61831707,0.089786408,0.097181553,0.151286408,0.113768932,0.049954369,0.148862136,0.102112621,0.171391262,0.142545631,0.775074757,0.983714563,2.692805825,-0.210797087,2.005152427,-0.600725243,5.102629126,-6.049343689,3.558049515
9.189795238,13.6057619,13.8890619,7.653204762,14.50778571,8.759704762,13.81112857,8.813642857,15.9441619,13.62616098,16.08943171,16.17471463,15.89136098,19.64827561,14.32493659,16.47766829,14.29277317,20.59791707,0.064550485,0.095056311,0.078417476,-0.004799029,0.148935922,0.018658252,0.14528932,0.041273786,0.112958252,14.35325728,17.43505728,16.52324369,20.43859126,20.32949806,11.35889029,17.73705728,7.868106796,15.49825534
-3.089185714,-3.198871429,-3.975338095,5.164704762,-8.8888,2.766247619,-10.30867143,3.486461905,-8.996566667,-0.241136585,-0.139995122,0.042070732,5.350963415,-3.163656098,13.91536829,-4.413514634,14.3783122,-1.994221951,0.050451456,0.076916505,0.115819417,0.072571845,0.066434951,0.10688932,0.086667961,0.115042718,0.129802913,-1.955958252,-2.352591262,-1.258271845,10.61702913,-5.342366019,1.956195146,-3.186245631,6.438127184,-2.840693204
-12.47216667,-14.34350476,-18.48340952,-13.44687143,-18.13065238,-12.84336667,-16.77375714,-12.91888095,-17.98915238,7.754465854,7.599243902,4.034912195,8.367668293,4.861419512,8.907692683,5.862539024,7.751234146,3.44082439,-0.00862233,-0.0313,0.000405825,-0.0462,0.007459223,0.024063107,0.018347573,0.065130097,0.021262136,-0.860023301,-2.542667961,-1.900793204,6.048464078,2.428070874,-0.2284,4.713821359,-2.935735922,2.788957282
-3.266042857,-2.732338095,0.549990476,-6.200947619,-2.577952381,-0.74507619,-0.053428571,2.846428571,1.791938095,1.800295122,2.544592683,0.389226829,-0.434531707,2.623295122,1.017812195,4.172334146,1.0402,1.98252439,0.048908738,0.05808932,0.066297087,0.014349515,0.054823301,0.093143689,0.045166019,0.1085,0.058068932,-1.238356311,-1.546506796,2.643515534,-4.70761165,2.473945631,2.045173786,2.098224272,-1.710154369,1.394556311
-12.83359524,-10.3173,-4.678447619,-11.59754286,-9.996185714,-5.933695238,-5.480428571,-4.277314286,-4.154266667,9.182258537,13.80713171,20.72296585,12.95412195,9.252143902,22.35653659,15.28993415,20.94331463,16.51056098,0.007970874,-8.45E-05,0.021501942,-0.03076699,0.050468932,0.015423301,0.086419417,0.016178641,0.095398058,1.292898058,4.608252427,5.075687379,-0.74328932,7.217887379,-0.242102913,7.403309709,6.682306796,8.962739806
-7.790438095,-8.578633333,-12.61975714,-0.782361905,-6.72622381,-2.462238095,-8.483319048,-7.066909524,-10.88882857,-4.848565854,-4.858297561,-6.563382927,-2.883929268,-1.495721951,1.847468293,-2.809426829,-4.270892683,-5.533165854,-0.020543689,-0.026837864,-0.060883495,0.002184466,-0.001421359,0.022259223,-0.006723301,-0.018079612,-0.046936893,0.785815534,0.162853398,-3.585859223,-0.43106699,-1.079505825,-1.430780583,-5.088647573,0.874263107,-3.837905825
-16.18409524,-12.07178095,-9.190957143,-11.90985238,-12.03962857,-6.54362381,-9.858990476,-10.00281905,-10.06525714,-8.688060976,-4.930034146,-2.529070732,-5.331178049,-11.25477073,-0.157860976,-6.089365854,-5.814709756,-6.452395122,-0.106497087,-0.11214466,-0.155492233,-0.14228835,-0.13621068,-0.134415534,-0.124385437,-0.147809709,-0.143648544,0.007667961,-4.280553398,-1.561768932,6.919823301,-5.040413592,4.175264078,-2.807493204,7.788506796,-2.496391262
-22.46354286,-22.76082381,-21.12011905,-13.37204762,-18.52424286,-14.32925238,-13.71754762,-15.6374381,-10.82199524,4.219929268,10.99433415,13.37049024,4.56854878,6.283039024,4.587934146,10.68553415,7.60955122,12.28587317,-0.013238835,0.001320388,-0.015596117,-0.01927767,-0.057507767,-0.028385437,-0.042373786,-0.033465049,-0.048123301,0.87307767,4.236352427,-3.53902233,8.877607767,-1.55541165,5.455592233,4.316672816,5.099354369,2.649812621
-14.49344286,-17.1942,-14.8868619,-6.531133333,-21.64379048,-8.291047619,-14.67337619,-5.728280952,-12.63878095,-12.88579512,-13.82205122,-12.1376561,-3.883760976,-20.25627073,-4.173841463,-13.90803659,0.83954878,-12.25883902,-0.122831068,-0.130996117,-0.128126214,-0.032101942,-0.167146602,-0.038951456,-0.124549515,-0.022217476,-0.077356311,-3.780563107,-1.072387379,4.886062136,11.03699806,-6.25548835,-1.593733981,-7.46691165,5.319579612,-1.893541748
8.154695238,9.745852381,13.72903333,2.225438095,12.22856667,5.083347619,12.26488095,7.011828571,11.32291429,24.29182683,28.81901951,31.06216098,20.18353171,25.11638537,26.68018293,25.1204561,23.76453415,25.48497073,0.072626214,0.100876699,0.094928155,0.07981165,0.083954369,0.063925243,0.056981553,0.047008738,0.075648544,4.369438835,3.99013301,3.420030097,0.671531068,6.624236893,-1.941772816,2.880092233,-4.098421359,8.19497767
-13.32179524,-13.67354762,-10.97939524,-14.07969048,-12.98354286,-10.80402381,-13.48254762,-12.2424,-10.09472381,1.902587805,0.954829268,4.499526829,6.835146341,0.831119512,6.708663415,-2.751273171,4.037856098,-0.092582927,0.095953398,0.106420388,0.109080583,0.081206796,0.097878641,0.088526214,0.105382524,0.116209709,0.135525243,-5.567841748,-6.06331165,0.368530097,1.791461165,-5.32522233,-4.476853398,-8.083827184,-2.868329126,-7.86216699
-5.896242857,-10.11458571,-9.3258,-9.29162381,-7.229771429,-0.841461905,-5.791942857,-1.622195238,-3.761857143,2.062165854,-0.765441463,2.122570732,-2.656339024,2.427865854,8.936814634,3.4882,9.436109756,6.17475122,0.029776699,0.030870874,0.023531068,0.030160194,0.022117476,-0.010594175,0.002151456,-0.032899029,-0.027802913,0.623357282,-4.180441748,2.189335922,2.226019417,-0.524100971,0.054180583,0.753256311,7.707260194,4.475578641
-4.173047619,-1.283533333,-0.263619048,-5.371552381,4.422757143,-6.561790476,3.761133333,-3.720052381,4.535204762,18.66650732,23.66484878,25.0617439,26.97576341,20.77441463,25.76460244,21.61455366,28.18943902,23.45699512,-0.096670874,-0.111036893,-0.081847573,-0.034307767,-0.08235534,-0.038563107,-0.106784466,-0.015771845,-0.136707767,-8.924853398,-5.388118447,-3.34982233,-7.547990291,-8.056047573,-7.676632039,-3.420313592,-0.06407767,-1.72753301
2.832428571,1.088214286,-1.572871429,-0.821009524,-5.528866667,2.167780952,-3.82712381,-1.910185714,-5.135761905,13.27653171,15.6098122,16.80787073,9.656768293,10.6568122,16.56679756,11.60627805,16.03352683,11.44819024,-0.047242718,-0.033653398,-0.014437864,-0.037958252,-0.030938835,-0.025749515,-0.017357282,-0.010650485,-0.038369903,4.187897087,6.091218447,5.809969903,5.076078641,2.341664078,-2.800460194,0.089257282,-5.470924272,-2.142093204
-5.39007619,-3.32842381,0.013695238,-3.086938095,1.773571429,4.556952381,1.861971429,1.656742857,2.813085714,2.921680488,9.740285366,9.748431707,9.101385366,7.36845122,15.80570488,9.09872439,17.88329024,9.885,0.027235922,0.02936699,0.013498058,0.014718447,-0.012538835,0.016290291,-0.032046602,0.031946602,-0.028927184,4.72971165,2.44148932,1.426227184,15.4141835,2.196059223,9.780649515,-0.594290291,6.053869903,0.103837864
4.124066667,4.364771429,7.300633333,10.79570476,2.123852381,7.865519048,3.63472381,6.195,3.830695238,2.641497561,2.660392683,2.719834146,10.42054146,0.427417073,8.432456098,-0.961253659,4.48737561,-3.423968293,0.020008738,0.048620388,0.076831068,0.032007767,0.02421165,0.002821359,0.040869903,0.02146699,0.051125243,6.7855,4.607496117,6.329665049,0.259820388,4.109879612,10.32215922,3.905046602,6.592167961,8.180186408
-1.229338095,-3.922128571,-3.225009524,-0.545328571,-2.318771429,3.215552381,-5.489295238,-4.968271429,-2.44192381,6.247004878,8.008019512,9.056043902,5.604273171,3.791697561,10.55474146,-0.895502439,2.16792439,3.929004878,-0.013100971,-0.029153398,-0.024713592,-0.029542718,-0.017673786,-0.049329126,-0.044842718,-0.053194175,-0.043328155,5.460646602,4.678643689,3.246025243,0.593650485,-0.303631068,2.883650485,2.810113592,0.72271068,2.722119417
-5.924971429,-6.979742857,-9.202109524,-3.372238095,-10.65384762,1.825657143,-7.94422381,-2.527742857,-6.472314286,10.16949024,6.774270732,-2.289717073,3.205034146,3.621346341,5.644570732,5.275314634,3.395404878,2.737914634,0.035903883,0.041783495,0.032503883,0.046905825,-0.003142718,0.08158932,-0.007615534,0.072979612,0.018130097,10.19148544,8.183906796,1.25434466,6.553128155,5.617591262,-0.662639806,3.30381165,5.01751165,2.093629126
-10.29899048,-6.800571429,-5.097852381,-5.12087619,-5.19437619,0.126252381,-3.137880952,0.78747619,-3.155028571,11.4067561,14.73371707,16.8096878,5.780190244,17.20915366,10.36857073,19.23593659,15.77488537,21.48573902,0.153775728,0.174779612,0.168199029,0.171045631,0.149830097,0.216596117,0.103500971,0.209867961,0.12266699,6.644590291,8.949451456,11.71353786,1.38018932,17.64575243,16.47001456,11.83802233,18.35886019,12.32206117
-8.251928571,-7.71712381,-8.296957143,-5.538495238,-12.0962381,-10.40301905,-11.15140952,-6.344904762,-12.7445619,-10.05472683,-7.968146341,-5.511695122,-6.679278049,-11.65562683,-11.09327805,-6.210392683,-2.880041463,-8.077246341,0.087341748,0.090681553,0.077504854,0.163926214,0.063540777,0.125318447,0.050894175,0.116891262,0.062932039,-8.954429126,-6.260109709,-7.438815534,-4.074697087,-8.043432039,-7.923781553,-4.231295146,-1.595562136,-6.708296117
-8.446166667,-8.4834,-7.747104762,-8.415195238,-11.55578095,-3.039638095,-9.928371429,-2.804128571,-8.105695238,13.56681707,18.64137805,21.55858049,9.949853659,17.95600732,14.78656341,15.49586098,11.86356829,15.58459024,-0.109790291,-0.095215534,-0.042046602,-0.037620388,-0.119726214,-0.001719417,-0.09748835,0.027474757,-0.08954466,10.48894563,13.75604078,14.57799223,10.46063398,15.43255243,7.398765049,11.93749029,12.80562913,11.37841845
5.400338095,1.950057143,0.761152381,4.44922381,2.499466667,-0.190195238,3.595838095,0.146033333,2.960285714,13.17642927,13.84152927,13.16650488,11.1332878,16.22195366,8.26687561,15.36653415,6.3465,11.05892195,-0.048126214,-0.05548932,-0.004685437,-0.005767961,-0.013420388,0.062036893,0.019721359,0.000518447,0.002026214,-3.715643689,-3.311492233,-0.648742718,-8.04391165,-1.095195146,-8.692208738,-2.812014563,-1.968204854,-3.051926214
-0.43297619,4.774061905,4.47732381,2.883261905,2.371961905,2.713638095,1.397061905,5.301847619,1.902638095,10.54826098,16.98273902,20.53724878,18.10925366,16.95935366,17.41930244,17.99768537,23.57367805,20.87054634,-0.107464078,-0.100290291,-0.056041748,-0.026527184,-0.104593204,-0.01743301,-0.068083495,0.014640777,-0.046257282,7.464421359,6.595091262,-1.6179,6.440201942,6.231098058,0.978426214,-1.01537767,-0.134542718,-2.565365049
-3.396366667,1.421714286,2.356785714,0.137119048,1.683338095,6.567085714,1.083552381,4.405804762,1.49107619,5.149368293,10.0159122,11.3452878,8.216239024,8.773817073,16.57527561,10.28623415,14.49776585,12.57043659,0.081297087,0.085974757,0.075513592,0.017941748,0.102287379,0.055812621,0.081146602,0.06365534,0.04125534,-7.128243689,-5.74285534,-7.731000971,1.529661165,-6.794165049,-10.93004854,-9.571837864,-4.848860194,-9.73611068
-19.87307619,-19.82513333,-18.63380476,-16.14559524,-19.9717381,-13.97807619,-25.22422381,-16.83222857,-20.55047143,12.58385366,17.42581707,22.32682439,13.73561951,13.11908293,22.06690976,13.99372195,17.90959024,18.05792195,-0.183962136,-0.198013592,-0.197802913,-0.053649515,-0.209078641,-0.022614563,-0.19052233,-0.028232039,-0.15761068,6.12502233,2.105386408,1.827565049,12.30713786,-4.421029126,10.2303233,-2.8983,11.44092718,-0.81761068
-9.842809524,-10.32076667,-11.5736,-8.881728571,-7.565804762,-5.897404762,-6.653042857,-7.6051,-8.142485714,7.356280488,10.49576098,10.10948049,14.44814878,6.400109756,18.06525122,10.95301707,14.52068537,9.914043902,0.015101942,0.003002913,-0.023020388,0.034451456,0.03892233,-0.025733981,0.052418447,-0.028084466,0.047165049,-2.23961165,-1.186263107,1.996959223,1.940612621,1.91791068,5.143954369,0.099827184,0.193680583,2.50471068
-10.02432381,-11.37245238,-9.1618,-3.301466667,-7.034395238,-5.78477619,-5.454061905,-3.907909524,-5.192466667,37.61886585,40.45833902,45.34537561,28.11399024,34.45861707,28.18213902,32.47445366,27.48241951,31.91781463,-0.068563107,-0.075100971,-0.045829126,-0.066304854,-0.035834951,-0.030081553,-0.022824272,-0.062402913,-0.036250485,-1.96654466,-9.198558252,-12.63363107,-0.641330097,-8.351738835,-2.325227184,-10.11636796,-6.51398932,-10.75739223
-1.696757143,-5.527061905,-0.649038095,-11.38607619,-3.975495238,-4.039209524,-2.747704762,-11.52941429,-1.295109524,2.429870732,3.880790244,11.17258537,5.332858537,1.459858537,10.46696341,6.026192683,6.928431707,9.032060976,0.01855534,0.013826214,0.03366699,0.010032039,-0.002830097,0.054040777,-0.020986408,0.044893204,0.016378641,0.718284466,-1.127781553,3.169460194,-4.587282524,2.266960194,3.408836893,3.533243689,1.982457282,1.900759223
-16.18682381,-19.0883619,-22.5198381,-18.1208,-15.2189619,-22.01648571,-11.4204,-21.41880952,-9.576233333,10.07791707,13.24389268,11.49207561,5.334819512,11.20251463,2.625880488,12.3399878,2.011534146,13.05109268,-0.07044466,-0.086178641,-0.130505825,-0.033939806,-0.158842718,-0.078519417,-0.144857282,-0.106433981,-0.117239806,7.110135922,7.435552427,11.86519806,12.75239126,5.375041748,-0.350829126,11.43400194,7.971556311,11.88920874
7.180242857,11.28538571,11.25329048,7.242861905,3.365728571,4.376995238,6.296028571,2.394161905,5.262452381,5.942585366,10.22987317,8.80487561,10.6901878,2.546485366,10.00118049,8.574685366,3.398753659,7.472297561,-0.095267961,-0.092270874,-0.07511068,-0.03122233,-0.137594175,-0.078359223,-0.108191262,-0.009970874,-0.095257282,1.448212621,-1.357064078,-4.796920388,3.957761165,-2.069771845,-0.106148544,-0.699429126,0.092603883,-0.3306
-1.290142857,-2.650866667,-5.248219048,0.285495238,-7.010495238,-6.466709524,-6.99572381,-3.993638095,-10.29342857,20.89156098,23.66648049,24.09317805,23.0324561,18.67740244,18.87758049,19.49952439,21.52853659,16.85800976,0.016348544,0.034458252,0.062351456,0.001586408,0.050417476,0.029448544,0.053383495,0.051478641,0.055060194,-2.261292233,-2.629994175,1.754390291,6.883818447,3.471566019,-0.819082524,2.933157282,3.119645631,2.555715534
-11.40086667,-8.34172381,-7.928328571,-7.103228571,-6.741947619,-6.374304762,-8.327280952,-5.78487619,-6.952614286,-6.276546341,-1.979060976,4.929356098,-6.199290244,1.602680488,-4.176890244,1.923763415,0.159341463,1.364914634,-0.017402913,-0.02208932,0.008373786,-0.028524272,-0.029707767,0.025960194,-0.023753398,0.020025243,-0.001295146,1.98903301,0.481450485,-4.687642718,4.118251456,-1.090151456,2.78772233,-3.746459223,0.671968932,0.776402913
-9.215414286,-12.92003333,-19.85270476,-10.73557619,-12.7367619,-10.9566381,-15.86061905,-20.47814762,-16.82141905,13.36520244,19.45421463,19.96508049,7.171929268,22.94684634,18.44834878,20.2114561,7.133556098,19.6653561,0.030313592,0.013127184,-0.002462136,0.024209709,0.032706796,0.034368932,0.020705825,-0.004008738,0.001508738,3.586085437,6.191746602,2.204102913,-4.841864078,7.023739806,1.949097087,4.978367961,3.143957282,4.647120388
-19.7053,-19.58379524,-13.8325,-16.60805714,-19.36852857,-13.37375714,-18.22831905,-20.27479048,-15.34634286,2.359863415,1.755817073,3.54357561,4.344221951,-0.350126829,11.55763659,-0.71907561,3.81827561,1.594178049,-0.020559223,0.021852427,0.063586408,0.008029126,0.043419417,0.023833981,0.07167767,0.000917476,0.080790291,6.187539806,2.107371845,9.002563107,7.174834951,4.51958932,12.61639126,5.074525243,8.037158252,6.777499029
0.333557143,-2.166114286,-0.619657143,0.027842857,-1.153214286,2.434642857,1.383252381,-0.721014286,1.867980952,8.711929268,6.16547561,5.958817073,5.781007317,3.944,1.995726829,5.491719512,1.767107317,7.42747561,0.072975728,0.048499029,0.02721068,0.085064078,0.039592233,0.082193204,0.024982524,0.016254369,0.004272816,4.713438835,5.041663107,4.162733981,8.154730097,7.268997087,10.70237379,2.784498058,7.317492233,5.495129126
-7.454114286,-6.61937619,-7.700047619,-1.416742857,-7.509095238,-3.6942,-9.937052381,-6.510638095,-11.98745238,4.280821951,6.91362439,3.457019512,8.643056098,4.66602439,6.241631707,0.967282927,1.791812195,-0.881202439,-0.092057282,-0.114294175,-0.102341748,-0.077605825,-0.128194175,-0.068003883,-0.106369903,-0.035329126,-0.098114563,11.95282039,10.45886117,4.444325243,17.27563981,6.572771845,13.01184466,-1.697597087,7.022202913,2.200571845
0.163033333,-4.408685714,-4.415190476,-3.678652381,1.8466,0.239628571,-0.215852381,-3.560104762,-1.206619048,16.8279561,16.88448293,19.46089268,16.03372195,14.7194878,21.93039024,13.17339268,16.13222439,15.44837317,0.02406699,0.028915534,0.049341748,0.009846602,0.032184466,0.015684466,0.048286408,0.012519417,0.064031068,4.241585437,4.485619417,6.167294175,4.142806796,3.11007767,3.751073786,-3.215472816,5.150181553,0.802774757
4.724242857,6.179409524,7.324380952,4.74927619,4.263961905,7.261085714,7.746533333,6.320033333,8.657233333,-2.845809756,-4.250385366,-3.787902439,4.102043902,-2.69104878,5.572602439,-3.731839024,0.764673171,-1.703521951,0.066063107,0.081467961,0.129956311,0.149620388,0.030107767,0.14316699,0.061292233,0.149747573,0.073779612,7.798507767,0.700393204,-7.679419417,10.17510485,-3.245003883,9.0041,-2.970851456,5.000001942,-2.731214563
-19.14033333,-22.78362381,-23.30043333,-20.9532619,-14.34891905,-20.02220952,-14.13294286,-25.61446667,-14.82853333,6.796102439,3.657663415,1.376521951,3.883290244,6.768331707,-3.37797561,8.54685122,-2.032763415,9.060307317,0.047578641,0.067087379,0.128536893,0.043024272,0.071556311,0.08602233,0.113517476,0.135776699,0.160127184,15.2220165,13.72836699,13.81099806,10.99707379,14.46352427,10.43019612,12.96296893,13.28418835,12.97154175
-1.239433333,0.934933333,4.706314286,-2.143147619,-0.2216,-0.78967619,-0.532861905,-4.676919048,-0.221771429,13.64202683,16.53008537,15.08474634,9.629107317,12.07666829,11.07162927,8.289936585,2.626968293,6.264260976,0.054787379,0.09245534,0.15381068,0.082993204,0.077466019,0.129154369,0.08952233,0.138698058,0.113873786,6.209433981,7.239938835,4.32601165,11.86201262,5.6434,1.273498058,3.425213592,-4.732598058,3.389153398
-4.71397619,1.202971429,5.008428571,3.246519048,2.026566667,2.116671429,0.841080952,1.173914286,0.84692381,-4.380939024,-1.282987805,2.576826829,3.649802439,-0.200587805,2.249819512,0.584302439,4.102412195,2.049578049,0.036613592,0.070916505,0.05132233,0.011963107,0.018480583,0.031804854,0.0091,0.006061165,-0.015941748,-2.10296699,-3.288151456,-1.713604854,2.943340777,-5.86721165,7.334836893,-3.909633981,2.71478932,-0.29238835
-12.33681429,-11.0607619,-11.60820952,-13.84320952,-11.32545714,-14.19512857,-14.07167143,-14.1853619,-15.0345,-10.54763902,-6.588073171,-3.72182439,-5.853080488,-12.89083659,-7.776582927,-12.88789756,-11.73432683,-11.9160122,-0.117384466,-0.122765049,-0.080002913,-0.147498058,-0.083553398,-0.155759223,-0.076579612,-0.196937864,-0.07981068,12.77912913,10.3690767,19.07703883,14.65995534,6.227003883,6.779528155,13.26955437,11.32915243,7.180851456
-10.02620476,-8.83037619,-8.959057143,-10.00715238,-10.03122381,-7.588414286,-11.79965238,-9.44867619,-15.32625714,7.814509756,9.108156098,8.750202439,5.434282927,6.808102439,8.400841463,2.82872439,0.257987805,-2.193136585,-0.04861165,-0.0227,-0.021305825,-0.08496699,-0.03041165,-0.08728932,-0.026390291,-0.105472816,-0.059161165,8.446560194,8.018708738,-5.571040777,1.55434466,5.704971845,7.238841748,2.558827184,1.654813592,1.909316505
-8.178933333,-6.463247619,-8.037942857,-0.622066667,-7.173604762,-4.146390476,-7.633804762,-3.66147619,-8.750209524,3.935739024,5.351719512,6.552926829,3.008917073,6.5137,2.084856098,6.142036585,5.928880488,6.01327561,0.069801942,0.067616505,0.072259223,0.037363107,0.052041748,0.037173786,0.035517476,0.048904854,0.022463107,9.192279612,10.41308155,13.61202233,6.081403883,14.3377534,9.686787379,14.34610485,7.501505825,12.22396408
-3.6882,-1.490590476,2.536904762,-8.048433333,-0.949471429,-2.213238095,2.117295238,0.258790476,-0.121047619,-0.334587805,4.379839024,4.737582927,-2.690812195,3.104578049,-0.315039024,7.023558537,1.724046341,3.948802439,-0.045432039,-0.065313592,-0.040163107,-0.114613592,-0.037281553,-0.070231068,-0.042557282,-0.083314563,-0.048795146,-9.606848544,-8.602004854,-8.495227184,-14.41171942,-9.081569903,-7.503899029,-2.466874757,-11.9030165,-6.017052427
-7.88777619,-6.936609524,-0.369066667,1.503680952,-10.98387143,4.012428571,-4.286604762,4.477961905,-4.780895238,4.791597561,6.756780488,11.17682439,8.417143902,1.635253659,9.90495122,2.805763415,3.669687805,0.993085366,0.029163107,0.021598058,0.016063107,0.055585437,-0.004341748,0.064351456,-0.013817476,0.032782524,-0.012416505,-0.315592233,7.149505825,3.369233981,5.851133981,7.123991262,9.100319417,7.462975728,9.144624272,6.422882524
-6.152666667,-3.184514286,-0.719438095,1.510009524,-0.571366667,-2.841814286,0.097309524,-5.537771429,-3.84372381,12.06584146,16.5162439,19.26560976,24.60188293,12.92665366,19.75842439,14.0849878,14.35051951,11.72846341,0.048560194,0.078932039,0.105395146,0.07488932,0.079697087,0.100401942,0.101293204,0.077618447,0.093466019,6.749850485,5.681775728,3.210047573,6.813071845,8.733505825,7.477059223,8.147827184,2.229297087,6.696364078
-7.968442857,-9.680771429,-8.308652381,-10.8296619,-14.3770619,-8.326519048,-13.8914619,-10.34210952,-12.83791429,-3.471526829,-3.203143902,-5.487665854,-9.23924878,-3.769514634,-9.841063415,-0.736521951,-9.823939024,-4.355319512,-0.135621359,-0.142233981,-0.151445631,-0.124632039,-0.141865049,-0.078824272,-0.107923301,-0.097708738,-0.122487379,-6.324073786,-2.61583301,-3.254424272,-3.747209709,-3.27473301,-2.335376699,-1.747043689,-1.943648544,-1.946930097
9.0783,8.56252381,-0.743428571,6.99707619,8.508566667,5.438247619,9.797952381,2.850914286,1.462914286,1.587317073,1.17755122,-4.850246341,5.064141463,-0.295263415,5.262990244,3.217121951,5.826826829,-3.300768293,-0.020221359,-0.035260194,-0.026401942,-0.046508738,-0.016197087,-0.020985437,-0.016284466,0.006915534,-0.015237864,-0.171396117,-0.641228155,-2.618533981,9.188687379,-1.703434951,0.922502913,-2.334668932,-8.485585437,-5.077101942
10.0368619,14.4674619,19.3359,8.382519048,14.26227143,14.52294286,9.611109524,14.98535714,14.7056,9.883673171,16.2845,23.04987317,12.10185122,13.5083878,17.83121951,5.934797561,14.02234634,13.34380488,0.158499029,0.191908738,0.240542718,0.102985437,0.212342718,0.103093204,0.182308738,0.172371845,0.200757282,-5.240015534,-3.195403883,-5.580558252,-8.361916505,-6.07144466,-4.782360194,-16.91405437,-4.219213592,-3.47263301
-1.178990476,-0.076104762,1.446861905,2.631166667,-4.756209524,3.331371429,-3.779547619,-5.925038095,-6.590709524,9.293782927,10.01303415,13.15419756,11.17297073,9.326431707,15.7316561,10.05047073,6.204504878,8.272214634,0.017401942,0.024868932,0.025148544,0.00932233,0.024582524,0.00271165,0.021383495,-0.002620388,0.047595146,8.169505825,12.10825631,15.38596602,9.284934951,11.29644078,12.09913495,10.7994534,7.362585437,8.102193204
-4.1321,-1.422690476,-1.195309524,-0.190242857,-5.061338095,2.708642857,-4.234619048,-1.717947619,-4.800719048,28.98834634,30.27294146,26.43558049,23.90640732,27.42439268,23.73626341,22.95946098,14.98570732,18.97058293,-0.09566699,-0.082569903,-0.076409709,-0.11144466,-0.031533981,-0.098660194,0.012412621,-0.058108738,0.010575728,6.151437864,6.775749515,6.820463107,7.793632039,6.983987379,6.60494466,6.919159223,2.964326214,5.061984466
-4.422914286,-7.117538095,-3.599938095,-7.308009524,-7.363490476,-8.449514286,-5.331780952,-5.555728571,-4.968685714,2.047129268,-2.139956098,0.283,3.566329268,-0.59197561,7.140160976,1.718043902,4.954409756,3.855087805,0.024378641,-0.000720388,-0.003557282,-0.025528155,-0.03846699,-0.027290291,-0.03452233,-0.044576699,-0.041008738,-22.41313301,-15.65921359,-15.66912136,-15.28816214,-12.20190388,-7.941957282,-7.645759223,-8.916881553,-10.36771845
4.849990476,6.748085714,5.654661905,11.09166667,3.12007619,2.397814286,-3.899542857,2.280242857,-2.065833333,15.9454561,12.86717317,4.639034146,21.99446585,6.945792683,7.963687805,-9.071892683,6.744990244,-8.486939024,0.118751456,0.113973786,0.119066019,0.101626214,0.169076699,0.068695146,0.151238835,0.064646602,0.151824272,1.285992233,4.675030097,7.248720388,8.285305825,6.167266019,0.286721359,1.412200971,6.576917476,2.743680583
-18.39742857,-18.52669048,-17.0079619,-16.10894286,-18.6819381,-12.79641429,-13.92493333,-6.946442857,-8.024366667,6.361429268,10.1131122,11.79801707,9.042912195,10.0796122,10.38209024,9.135953659,10.78224146,10.46416585,0.069733981,0.093123301,0.084412621,0.036349515,0.050083495,0.037819417,0.058729126,0.028613592,0.054793204,-3.464341748,-4.030148544,-13.38248835,-1.029721359,-6.81741068,-3.098830097,-16.53547864,-15.20732816,-16.64514854
-2.933114286,-4.1163,-11.96915238,-7.316814286,-3.368733333,-12.56903333,-8.029580952,-17.7439619,-13.0613619,2.434907317,4.498592683,6.389534146,2.581597561,3.05545122,1.142709756,1.444817073,1.261056098,1.109543902,0.004359223,-0.007583495,-0.012779612,-0.02881068,0.043684466,-0.00542233,0.037701942,-0.023904854,0.030057282,-28.75131553,-21.9614466,-21.42245631,-17.09398252,-26.76051262,-19.69972524,-20.84241068,-20.49175922,-15.1078301
-4.073147619,-7.110652381,-10.78543333,-5.393561905,-10.17044286,-7.672204762,-8.381085714,-14.29889524,-10.71050476,14.58807073,14.45684634,12.61639268,13.44312195,5.177412195,12.28385854,6.237985366,4.095031707,5.932636585,-0.021498058,-0.033857282,-0.04335534,-0.058343689,-0.032074757,-0.037161165,-0.037673786,-0.09614466,-0.065201942,19.69112233,19.13359126,17.30851068,12.98975922,10.59848738,16.04735825,9.937735922,11.39649709,12.01175437
-8.3453,-6.842014286,-3.043685714,-2.799714286,-9.036828571,-1.852238095,-5.939009524,0.920266667,-1.45442381,-4.1794,-6.890870732,-2.78015122,2.503834146,-8.07907561,3.839660976,-6.382560976,2.084231707,-2.786329268,0.064285437,0.050004854,0.031396117,0.086654369,0.035474757,0.088274757,0.029176699,0.084083495,0.030166019,-3.856362136,0.786594175,3.192675728,7.824908738,-4.299541748,1.31627767,-0.983108738,4.538505825,-0.159732039
0.226261905,0.935485714,0.069585714,-2.7588,-1.226985714,-11.78895238,-6.583442857,-2.614690476,-7.727180952,-0.630846341,-1.752229268,-1.106560976,-2.488821951,-5.87617561,-11.47617805,-8.702743902,-6.122231707,-9.269341463,-0.00661165,-0.032457282,-0.034357282,0.030146602,-0.032839806,-0.004216505,-0.0483,-0.02014466,-0.032397087,-5.687652427,-6.965659223,-6.983382524,-9.815243689,-5.462949515,-5.180641748,-6.093575728,2.894537864,-5.583120388
-18.95576667,-18.24283333,-16.47067143,-6.470842857,-15.23246667,-9.539304762,-15.51489048,-5.080738095,-13.14955238,-7.651904878,-5.739929268,0.629797561,-4.840814634,-0.117380488,-3.959519512,2.705458537,3.397868293,3.59435122,0.053431068,0.028078641,0.010883495,0.024374757,0.055170874,-0.008576699,0.048480583,0.028851456,0.032000971,-16.94156602,-17.10891748,-10.48963592,-21.09039515,-11.3105301,-16.86294369,-11.14511456,-10.98369515,-10.80955437
-4.2489,-2.68837619,-1.461480952,-3.633966667,-4.157061905,0.307885714,-0.160090476,2.652109524,-3.041004762,7.908785366,11.7330439,14.94103415,12.35336098,10.92143902,16.56378537,15.21169268,18.84833415,11.78358049,-0.060420388,-0.051440777,-0.023732039,-0.034214563,-0.02908932,0.015403883,0.001578641,0.043353398,-0.002902913,6.121733981,3.756953398,-0.601930097,5.983970874,2.288778641,1.305335922,3.67481068,4.461890291,-0.229992233
0.267909524,-1.099752381,0.581128571,3.478138095,-2.062419048,4.005104762,-2.417166667,3.187019048,-2.111714286,4.738578049,4.32865122,0.916512195,8.08607561,1.897373171,6.410109756,3.092634146,3.421568293,0.738221951,0.118169903,0.122719417,0.10881068,0.10011165,0.121,0.084691262,0.093270874,0.111975728,0.07682233,7.694870874,6.994706796,2.310825243,3.965472816,4.556381553,11.35360194,4.318306796,4.749501942,2.259866019
-6.99472381,-7.740619048,-7.857552381,-9.144504762,-6.680961905,-3.906633333,-5.742438095,-1.590419048,-7.509190476,7.364590244,10.69661951,12.18875122,9.089360976,6.718639024,10.72784878,5.637553659,12.43262439,5.717904878,-0.185842718,-0.241684466,-0.29135534,-0.135869903,-0.217238835,-0.18751165,-0.229352427,-0.207520388,-0.254756311,-8.287147573,-8.18836699,-10.37639515,-0.858052427,-3.854963107,2.600569903,-6.096566019,-0.137684466,-2.113426214
6.653928571,7.748904762,2.990880952,5.144061905,2.078057143,4.308342857,1.458085714,6.289928571,-0.962871429,13.40216341,14.77582683,10.09627317,14.7681122,12.90095854,11.4793561,10.25977073,13.72331463,9.133782927,0.035442718,0.052223301,0.08997767,0.037901942,0.06924466,0.038723301,0.081240777,0.053382524,0.099087379,10.76552524,14.67802524,13.10923786,6.824721359,9.031191262,17.03998641,11.46487379,11.46192524,9.596025243
-2.532095238,-1.37422381,6.045680952,-3.269533333,-3.631695238,3.61442381,-7.620066667,-2.838571429,-8.74602381,4.358241463,6.525239024,13.61447317,2.632192683,6.715463415,16.2176,6.085731707,6.939419512,5.68645122,-0.027534951,-0.055182524,-0.03868835,-0.046559223,-0.013666019,-0.035178641,-0.05498835,0.015001942,-0.067404854,12.53908058,9.206207767,7.708523301,18.85640971,8.842043689,14.19117184,6.790418447,11.46573883,7.847028155
3.515414286,1.293390476,1.675185714,6.657738095,-1.623538095,0.10772381,-1.975157143,0.56952381,-3.871552381,12.97749512,14.38318293,17.89687561,20.56258293,3.824890244,15.18170244,3.55542439,21.08434634,5.91025122,-0.068096117,-0.069993204,-0.016638835,-0.084663107,-0.027158252,-0.028684466,0.033233981,0.019784466,0.051860194,7.283402913,7.568135922,0.878097087,5.884315534,3.769317476,12.93814563,-0.579195146,0.233093204,-0.114192233
-3.635704762,-2.953042857,-5.371471429,1.127280952,-5.037152381,-4.62372381,-5.170333333,-8.302090476,-2.532085714,6.766529268,10.01583171,6.7616,13.88692195,4.482439024,6.11607561,1.082341463,-0.273890244,3.40375122,0.004458252,0.02311165,-0.003190291,-0.00037767,0.025658252,-0.020386408,0.002633981,-0.036851456,0.008763107,5.298519417,3.669203883,12.44538641,-10.03213883,9.946762136,4.238738835,9.409301942,11.01328738,11.93049806
-1.236847619,-0.60122381,-1.462647619,-2.822938095,-3.051119048,-3.631847619,-2.502138095,-6.748571429,-0.507942857,2.177334146,6.774426829,6.646709756,5.409678049,0.170146341,4.258580488,1.645465854,0.055541463,3.684187805,0.067107767,0.050785437,0.042559223,0.009825243,0.046158252,0.011868932,0.022865049,0.00744466,0.031548544,-10.88922039,-9.546631068,-5.414137864,-8.525719417,-4.984650485,-5.989866019,-5.975162136,-5.964729126,-6.697226214
-15.12729524,-17.33235714,-16.91595714,-13.59051429,-14.55021905,-15.23680476,-14.56787143,-16.34008095,-14.02121905,-20.80376829,-20.3023439,-19.0844122,-15.75172439,-15.45092683,-16.98970976,-14.77364146,-17.25654878,-14.97537073,-0.11912233,-0.142742718,-0.133234951,-0.138434951,-0.084203883,-0.141017476,-0.101254369,-0.162130097,-0.089371845,9.79776699,-5.30766699,-4.476380583,-5.495995146,-5.254317476,-1.692151456,-3.598887379,-5.575992233,-4.582694175
-7.993985714,-12.97680952,-9.471619048,-13.71579524,-9.178680952,-13.09310952,-5.386028571,-9.238214286,-1.468095238,4.16637561,-1.431973171,1.693419512,2.073785366,1.956839024,3.273441463,2.193546341,5.212339024,3.575168293,-0.005857282,-0.029231068,-0.0503,0.003843689,-0.00523301,-0.000660194,-0.000681553,-0.021036893,-0.00676699,-6.198007767,-0.076857282,-1.117734951,-3.530602913,-2.065615534,-3.672673786,-1.620619417,-4.803660194,-3.051235922
0.020157143,-3.688771429,-5.876238095,-3.617780952,-5.139766667,-5.377066667,-3.102666667,-4.758,-3.855290476,-2.687687805,-5.188502439,-9.407490244,-2.3116,-6.312139024,-6.315319512,-6.32227561,-6.118734146,-6.064634146,-0.057679612,-0.079842718,-0.061441748,-0.042558252,-0.056402913,-0.041318447,-0.055920388,-0.029487379,-0.050869903,-7.550306796,-12.65495146,-12.43923689,-7.195871845,-9.667204854,-10.6668699,-12.36978447,-8.65271165,-12.38248932
-16.88864286,-22.29803333,-21.64424762,-19.20181905,-15.88278095,-18.97132857,-8.830795238,-20.02624286,-11.22558095,-10.1111439,-14.80687561,-13.01858537,-11.29982195,-10.2351122,-12.53666829,-4.196226829,-10.5386,-6.743178049,-0.041683495,-0.026103883,-0.04793301,-0.009609709,-0.047084466,-0.021924272,-0.032996117,-0.053479612,-0.051518447,-9.374781553,-13.6647233,-12.36906311,-6.184854369,-9.825460194,-5.430769903,-14.38375728,-11.14176214,-9.970551456
10.56061905,12.05884762,13.38422857,6.42837619,7.7393,6.309452381,6.503271429,7.914042857,6.084038095,9.29565122,10.0053,15.84777561,1.683717073,5.709280488,3.304043902,8.170436585,7.809336585,8.565207317,0.037924272,0.048074757,0.034734951,0.01121068,0.02564466,0.003917476,-0.001441748,-0.003232039,-0.020417476,-12.99363786,-3.47646699,-5.240800971,-7.118920388,-8.383058252,-7.965353398,-6.823657282,-2.164837864,-2.318282524
-11.91558571,-9.131280952,-6.64192381,-6.822866667,-7.776828571,-6.088747619,-4.1734,-11.3060619,-4.957009524,-2.393178049,2.849904878,4.925785366,-1.615758537,-0.305497561,-1.195853659,4.698309756,-7.249387805,2.525153659,-0.171043689,-0.235995146,-0.180936893,-0.120473786,-0.161982524,-0.126741748,-0.127725243,-0.132882524,-0.120530097,1.338756311,-1.505651456,-2.516266019,-3.28421068,-3.220882524,-1.32272233,-4.416292233,-12.8381233,-6.66566699
6.216185714,4.422966667,9.048528571,4.37702381,5.15297619,3.265033333,0.998219048,2.670233333,1.997409524,6.193060976,3.124460976,6.700387805,2.699653659,2.261153659,1.501946341,1.386968293,1.788658537,2.425031707,-0.010986408,-0.055481553,-0.052461165,-0.051021359,-0.053547573,-0.042442718,-0.034285437,-0.047135922,-0.02241068,18.30866019,18.7398068,17.31589223,14.70825049,15.3815233,10.4486301,13.6831534,9.485378641,9.811856311
-5.992938095,-4.472719048,-5.403842857,-2.763409524,-0.001547619,-4.331642857,-2.897166667,-5.894352381,-5.903338095,-5.561892683,-5.05584878,-7.183014634,-5.740592683,-3.917517073,-9.334058537,-5.228870732,-8.119490244,-6.646402439,-0.063113592,-0.022661165,-0.036021359,-0.030606796,-0.011406796,-0.037926214,-0.019521359,-0.05241165,-0.032030097,21.18294078,11.09693204,10.79815922,15.83396893,12.71299417,16.56793107,9.352520388,14.62867282,5.937986408
-4.044842857,-10.07069524,-10.52300476,-5.302414286,-4.596142857,-2.134985714,-0.978147619,0.328452381,-1.170342857,10.51452439,7.225321951,4.309982927,9.419285366,7.42972439,10.17135854,8.21552439,12.3965878,4.506243902,0.038204854,0.04346699,0.049181553,0.014272816,0.041202913,0.043460194,0.060678641,0.054514563,0.069515534,1.465964078,4.513126214,9.604396117,6.520530097,-1.998794175,5.744900971,-3.014654369,-0.033382524,-2.0369
19.22039048,10.01748571,9.365557143,14.86063333,8.697071429,12.00418571,7.650633333,12.05450476,6.969666667,21.65756341,20.20077073,15.55164146,22.32230976,15.59706829,16.54926098,15.7868439,18.37100244,14.55450488,0.022413592,0.062117476,0.081241748,0.011901942,0.065865049,0.06528932,0.06761165,0.096561165,0.063418447,-7.773667961,-5.417067961,1.538378641,-17.91131068,-0.945360194,-14.98106602,0.239950485,-4.56793301,2.638098058
-3.213185714,-2.908309524,-1.839028571,-1.3885,-3.868028571,-3.1823,-8.117566667,-2.433738095,-11.55731429,9.293829268,9.472717073,13.92980244,10.2996439,9.110329268,3.414207317,6.479129268,5.26282439,1.752426829,0.167254369,0.155407767,0.153148544,0.1387,0.15254466,0.130790291,0.12173301,0.113596117,0.103999029,2.585001942,-1.878513592,-7.489563107,-17.14508058,-9.572635922,-1.897618447,-12.50023786,-5.946968932,-15.21713689
-8.870071429,-4.919357143,-4.766490476,-5.229242857,-5.188295238,-2.236866667,-2.870014286,-5.13517619,-3.465385714,-8.203990244,0.20224878,4.24254878,-4.168907317,1.95085122,1.428792683,4.1755,-1.673758537,4.810968293,-0.069654369,-0.065533981,-0.091846602,-0.037113592,-0.07622233,-0.04577767,-0.066833981,-0.047681553,-0.074939806,11.66466893,8.670456311,8.384462136,16.93307476,5.655178641,7.349447573,9.975857282,7.929291262,8.511546602
6.018347619,7.198190476,8.635085714,4.988604762,7.793228571,8.17787619,6.731061905,3.390433333,6.638338095,14.21282927,15.27618537,14.31269512,9.731817073,11.85947805,11.81381951,8.400663415,6.10265122,8.361370732,-0.068642718,-0.124632039,-0.086459223,-0.101573786,-0.127036893,-0.079298058,-0.093002913,-0.041833981,-0.061947573,5.808439806,9.222337864,10.18734563,8.711882524,9.470576699,7.006760194,6.829273786,4.141919417,7.286785437
14.37885714,12.62409048,10.37312857,6.751947619,10.80170476,5.919257143,7.932752381,3.325419048,6.196185714,17.66707317,18.99144146,21.26038537,12.18067073,15.82152439,13.50284878,15.51195366,10.51617317,15.1055878,0.077964078,0.07565534,0.085345631,0.087812621,0.076719417,0.083345631,0.075586408,0.070343689,0.069087379,1.754549515,11.2635301,10.54366311,9.098898058,9.209542718,9.474780583,9.713262136,7.698958252,8.738279612
-1.945319048,-3.974847619,-9.835609524,-2.163795238,-7.19762381,-5.46397619,-7.973571429,-5.582595238,-9.76067619,9.027041463,5.097229268,3.69644878,7.922190244,3.527280488,7.534017073,3.481817073,8.276114634,2.282678049,0.001067961,-0.003547573,-0.016943689,0.017406796,-0.03821165,-0.008443689,-0.011843689,0.015794175,-0.029154369,11.68724854,8.086092233,6.397953398,3.995782524,3.646782524,5.89033301,3.959308738,5.934204854,3.018538835
-6.228090476,-3.295238095,-3.858466667,-4.86097619,-5.064995238,-3.010780952,-3.132685714,-1.814471429,-1.243490476,-7.1269,-6.710258537,-9.813068293,-8.223746341,-7.356480488,-8.029768293,-5.978109756,-6.316560976,-3.577226829,-0.073905825,-0.080168932,-0.021679612,-0.061638835,-0.057497087,-0.031214563,0.014073786,-0.010792233,0.010507767,-2.489360194,-1.544404854,0.611664078,0.943812621,1.481387379,0.869612621,4.408192233,4.978080583,4.160851456
3.729485714,5.061785714,0.684142857,4.947133333,2.183828571,2.767533333,0.794990476,4.382804762,0.760385714,-1.950197561,11.84466829,11.09103415,4.021246341,9.788490244,2.705756098,9.548790244,7.1585,13.21852927,-0.038561165,-0.030151456,-0.031097087,-0.02426699,-0.004248544,-0.005574757,-0.013071845,0.017874757,0.009702913,-8.607936893,-0.464017476,-5.533813592,-1.873538835,-0.920145631,-2.160168932,1.798251456,0.401842718,-7.640501942
2.220604762,8.527804762,10.29202381,10.10290476,8.217895238,10.36851429,7.1635,8.862066667,6.552747619,-7.105063415,-5.9031,-6.112360976,-4.509280488,-5.270887805,-4.095780488,-3.832029268,-5.912641463,-5.494487805,-0.085669903,-0.068406796,-0.019964078,-0.032040777,-0.043885437,-0.009643689,-0.012470874,0.000914563,0.008439806,-1.214246602,-1.967791262,1.627476699,-0.530514563,1.975517476,1.008545631,4.538692233,3.016590291,6.631623301
1.169095238,2.010338095,-1.028033333,-0.001509524,-1.121842857,-1.97117619,-3.895080952,-0.19672381,-3.853509524,2.802070732,11.01741463,6.930065854,9.639619512,7.416085366,7.625173171,3.1369,7.914656098,2.120231707,0.164213592,0.207214563,0.182861165,0.159673786,0.172101942,0.148998058,0.144460194,0.162757282,0.140526214,9.993734951,4.63566699,9.179991262,2.510654369,4.903972816,0.546975728,3.537000971,4.189929126,5.669992233
14.11222381,16.54162857,11.1276,9.353771429,11.0275619,4.664366667,7.543485714,4.308480952,6.96887619,-2.926585366,-3.776953659,-7.786653659,-2.221943902,-3.453380488,-5.117482927,-6.782490244,-8.519643902,-7.367756098,-0.043518447,-0.032923301,-0.004148544,-0.001528155,0.001914563,-0.00885534,0.007007767,-0.004475728,0.013693204,-9.091319417,-3.478714563,-5.204047573,-5.539219417,-11.57679417,-3.609779612,-6.974448544,-3.79892233,-9.115404854
1.890852381,0.237380952,1.059966667,0.815757143,0.528952381,0.206533333,0.148157143,-1.881761905,-0.764342857,10.15713171,13.34267805,12.60412439,8.158221951,9.312307317,8.765131707,8.87592439,7.713487805,6.859156098,0.020094175,0.018492233,0.040431068,0.035094175,0.04247767,0.035371845,0.027736893,0.020325243,0.013439806,5.268580583,2.104478641,-6.525639806,-0.201202913,1.324879612,-0.276517476,-0.77282233,3.157414563,-3.710063107
0.195038095,2.1476,1.424271429,-1.58417619,-2.59952381,-0.178366667,-0.286061905,3.274790476,3.999433333,2.847558537,7.622858537,4.700668293,2.814302439,1.99045122,1.911060976,3.476641463,5.813163415,2.308460976,-0.023637864,-0.005916505,-0.025860194,0.008173786,-0.004974757,0.00318835,-0.012615534,0.006375728,0.003957282,-5.291233981,-9.159698058,-5.307979612,-7.290262136,-10.33983592,-6.705950485,-8.264670874,-7.348987379,-2.77536699
-11.97838095,-15.5059,-16.76209524,-9.64747619,-12.17462381,-9.711614286,-12.51698095,-10.85817619,-10.53561905,-3.834329268,-0.355314634,-1.55357561,1.982297561,1.699797561,-0.828063415,-2.631909756,-3.030780488,-2.092307317,0.005565049,-0.003149515,0.023197087,0.038637864,0.040258252,0.023520388,0.04435534,0.026957282,0.058820388,7.080024272,8.711092233,6.487848544,12.55269223,5.089467961,12.54263981,5.263776699,9.386516505,3.939996117
-9.131461905,-10.3171619,-9.998919048,-8.915861905,-11.82017143,-11.49690952,-10.73968095,-10.72863333,-12.90782381,-2.99224878,-1.9192,0.054839024,0.767273171,-3.544165854,-2.242290244,-2.940680488,-1.329104878,-5.035365854,0.053656311,0.051780583,0.04107767,0.032651456,0.038599029,0.018628155,0.015007767,0.033234951,-0.001405825,3.757941748,8.835121359,9.048480583,6.028509709,5.134553398,4.152101942,5.68698835,5.913413592,1.406675728
-9.068590476,-10.58799524,-13.40248095,-7.825142857,-12.13702857,-8.298680952,-11.35004286,-8.064904762,-12.07877619,-11.06345122,-4.569541463,-6.883702439,-5.298987805,-5.609621951,-4.848882927,-5.565226829,-5.849170732,-6.89237561,0.104641748,0.109853398,0.126466019,0.077039806,0.100332039,0.108962136,0.074096117,0.147446602,0.07154466,-9.605800971,-14.52671165,-17.34726893,-13.63135049,-13.69947767,-14.7142301,-15.16767184,-16.38121359,-17.40080194
-0.403014286,-1.923695238,1.449990476,-5.102490476,-2.758242857,-2.809685714,-0.1865,-4.888233333,1.38487619,4.56057561,5.351270732,6.267936585,4.088107317,3.45995122,4.761360976,4.22285122,1.16077561,4.783585366,0.148017476,0.152987379,0.184293204,0.136833981,0.152243689,0.159972816,0.135439806,0.142099029,0.13285534,6.473792233,3.812382524,8.055730097,3.367395146,4.321523301,4.822335922,6.532190291,1.104302913,8.485146602
-7.547152381,-4.547685714,-9.032828571,-4.911814286,-3.54502381,-6.059828571,-5.98182381,-8.318380952,-5.784890476,-2.35877561,-2.128780488,-4.243065854,-5.313112195,-2.134943902,-4.323031707,-1.650587805,-3.595190244,0.73722439,0.041143689,0.041382524,0.020820388,0.057309709,0.048952427,0.052920388,0.028552427,0.032915534,0.023574757,7.087897087,3.886700971,-1.499523301,-4.253899029,4.267318447,-4.163706796,0.536369903,-0.587584466,-0.945541748
-5.839433333,-9.203080952,-9.600014286,-11.17467619,-10.80585238,-10.70897143,-12.29189524,-9.115685714,-8.807714286,-1.58505122,-3.471941463,-2.697556098,-7.926643902,-5.246943902,-7.14415122,-6.494768293,-7.281178049,-2.444168293,-0.127025243,-0.12918835,-0.147294175,-0.083900971,-0.134898058,-0.113539806,-0.147540777,-0.133653398,-0.156057282,-2.080958252,-9.104994175,-11.89921068,-4.225899029,-8.298982524,-5.677599029,-9.617013592,-7.261334951,-10.76142816
-6.320161905,-3.66637619,-1.910942857,-3.55752381,-2.917795238,-3.360366667,-0.936309524,1.0776,-0.567471429,4.475641463,6.388119512,5.181587805,2.023131707,4.0338,1.363495122,3.68134878,5.161973171,3.519890244,0.002976699,0.024642718,0.032917476,0.033194175,0.035586408,0.039092233,0.045849515,0.058925243,0.031560194,-8.18306699,-4.501545631,-4.390379612,-2.928774757,-4.04171068,-3.763585437,-3.174579612,0.555607767,3.174956311
-10.97307143,-11.98294286,-4.984133333,-6.193619048,-9.3321,-6.4355,-5.065619048,-5.4982,-2.819252381,2.341629268,3.527312195,5.722014634,4.081712195,2.63135122,2.877170732,2.287097561,4.682029268,4.27162439,0.072942718,0.06258932,0.082004854,0.048450485,0.065312621,0.063836893,0.075460194,0.077709709,0.05568835,-4.358398058,-6.202374757,-7.095957282,-4.251834951,-1.643491262,-6.137771845,-6.624450485,-6.388743689,-5.039682524
1.629042857,1.256561905,-0.632752381,-1.284414286,-0.981290476,-1.281680952,-0.432019048,-1.120747619,-2.486528571,16.22474878,21.49760488,19.04983171,16.20153415,15.85486341,15.63332439,15.67055366,13.92775854,10.37157073,0.087200971,0.082474757,0.060417476,0.06824466,0.03932233,0.066114563,0.050475728,0.064105825,0.032163107,7.154080583,12.9390699,12.19544951,9.520695146,3.43716699,6.215339806,3.66604466,11.65067961,3.037698058
-15.22657143,-15.62534286,-16.72597619,-14.63036667,-15.03170476,-14.04336667,-15.18383333,-15.16930952,-13.08110476,-7.851626829,-5.174695122,-6.651056098,-5.226129268,-6.666170732,-4.879531707,-4.89532439,-5.975134146,-4.472136585,-0.092690291,-0.074801942,-0.039026214,-0.03824466,-0.056061165,-0.034136893,-0.076260194,-0.019400971,-0.053728155,-5.164923301,-4.988817476,-3.01465534,-5.431431068,-6.039892233,-2.956074757,-6.924791262,-6.324226214,-4.572332039
-1.69537619,-3.762085714,-6.499185714,-0.678657143,-9.165980952,-6.364390476,-11.43494762,-2.751295238,-11.17781905,2.12387561,1.448758537,0.892319512,0.422560976,-6.300778049,-3.92182439,-7.649787805,-4.730080488,-7.186785366,-0.025439806,-0.012891262,-0.007995146,-0.010865049,-0.029641748,-0.000604854,-0.03254466,-0.00468835,-0.021556311,5.623329126,5.351873786,6.405015534,5.579715534,6.840115534,8.570352427,7.842601942,2.972237864,5.627017476
-6.552233333,-6.383166667,-5.410004762,-0.554685714,-3.434542857,-0.378847619,-1.853633333,1.667780952,-1.362752381,-1.660104878,-2.7458,-2.610697561,2.077636585,0.328441463,3.417826829,2.75217561,3.737092683,-0.505787805,-0.015754369,-0.007790291,0.009039806,0.019592233,0.003670874,0.029020388,0.008758252,0.056238835,0.015870874,7.947140777,6.806675728,8.169832039,7.319913592,8.142814563,8.848567961,10.38756505,3.916291262,7.235630097
0.080809524,-2.116266667,-6.007238095,-0.098985714,-0.319790476,-1.925628571,-6.751757143,-3.644090476,-3.086333333,9.272934146,11.76200732,13.09030976,12.00237805,12.68352439,9.500765854,8.479734146,9.416753659,12.46937317,0.003554369,-0.0033,-0.004264078,0.017439806,-0.005945631,0.014966019,-0.010023301,0.014436893,-0.011991262,8.195819417,10.42130485,8.030975728,7.553245631,5.628851456,6.333801942,8.76086699,5.229825243,9.892085437
1.267247619,3.276209524,3.6102,-1.544571429,1.803661905,-0.145214286,2.964028571,1.558866667,4.050042857,8.749260976,4.485036585,5.04355122,3.396173171,3.38442439,4.120326829,2.369573171,5.483743902,4.522578049,-0.104225243,-0.105018447,-0.103509709,-0.094358252,-0.090464078,-0.068471845,-0.054963107,-0.081482524,-0.035546602,6.824254369,9.575981553,9.469609709,4.545404854,9.228616505,4.567814563,8.176904854,9.988586408,10.08331068
-5.917861905,-10.94430476,-10.10532381,-9.828185714,-6.98617619,-11.5596381,-5.810704762,-9.444595238,-6.608114286,3.608607317,-1.796217073,-4.02085122,-5.917590244,-1.90172439,-5.859443902,-0.070419512,-4.678221951,-2.786702439,0.007009709,0.017590291,0.022048544,0.00885534,0.000520388,0.022920388,0.045542718,0.038406796,0.044978641,-12.72120097,-11.22089126,-12.42723883,-10.27654078,-12.54952233,-4.909567961,-8.842752427,-12.49774078,-8.173274757
-3.717261905,-5.948109524,-6.778842857,-1.721333333,-5.887133333,-2.686314286,-6.135714286,-4.239114286,-5.835,-6.344285366,-8.847258537,-9.23924878,-3.948721951,-9.465817073,-2.88325122,-7.22514878,-12.29149268,-9.543463415,-0.032095146,-0.029269903,-0.045417476,-0.030026214,-0.028946602,-0.033297087,-0.028280583,-0.040391262,-0.034218447,6.647772816,2.986352427,5.024525243,-1.800062136,1.733161165,-2.8396,3.058495146,-4.453062136,2.270123301
-10.27896667,-13.88954286,-14.49788095,-11.2485381,-10.53636667,-11.58901905,-10.34954762,-13.67901905,-12.14748095,-5.309292683,1.322934146,3.527117073,-0.846512195,0.77835122,-1.061614634,0.984429268,-2.389982927,2.825521951,0.066129126,0.132880583,0.110426214,0.136538835,0.089401942,0.112402913,0.068257282,0.11501068,0.061762136,-16.21402718,-9.166430097,-10.7762699,-13.00372913,-11.44422427,-17.60366214,-7.001412621,-10.63579709,-6.655480583
-2.915414286,-8.895104762,-8.460847619,-9.476033333,-10.75896667,-8.183833333,-4.652704762,-4.417271429,-2.859852381,6.685836585,8.229592683,8.931782927,3.613541463,5.030214634,4.216636585,6.616802439,3.31325122,5.312258537,0.033953398,-0.01635534,-0.019940777,0.014300971,0.040040777,0.008336893,0.00867767,0.01344466,-0.019157282,2.292765049,10.69359903,10.72408155,4.828930097,12.6336699,5.704045631,8.049915534,5.410591262,8.737121359
-1.720990476,-4.090904762,-1.681361905,-3.3312,-4.689047619,-0.333019048,-4.0299,-0.977733333,-4.357347619,12.40992683,11.48307073,11.60773171,8.493239024,9.10832439,9.387109756,5.527470732,5.698792683,5.631243902,0.00693301,0.008200971,0.06766699,0.042072816,0.028296117,0.054266019,0.02944466,0.079463107,0.032979612,14.64684078,16.7630835,16.49749417,14.43755243,11.97252621,9.063132039,15.1742767,16.35096408,13.76808835
-14.40827143,-15.57366667,-15.31121429,-9.615580952,-13.28701905,-10.04567143,-9.708795238,-10.82639524,-11.0346619,-3.840539024,-11.77139024,-13.06246098,-6.756082927,-10.37813415,-6.881426829,-7.787180488,-9.063639024,-10.34955122,0.064062136,0.059029126,0.077443689,0.067852427,0.073033981,0.083709709,0.09024466,0.103406796,0.083330097,-12.61227864,-16.5510835,-16.78202913,-10.00862816,-16.37979029,-11.3322233,-17.2738767,-15.7446165,-17.51049029
-4.811257143,-7.823866667,-8.428047619,-4.49587619,-6.758414286,-7.125709524,-9.16617619,-6.072290476,-8.246285714,-0.770439024,-3.081012195,-3.370204878,2.386768293,-2.82974878,-1.049214634,-4.27952439,1.899839024,-4.917387805,0.005162136,-0.020601942,0.009885437,0.011450485,-0.000201942,0.016031068,0.013735922,0.033831068,0.023533981,12.82450291,18.70626699,12.84236117,10.45639029,11.8361165,7.680297087,8.031053398,11.85108058,6.674259223
-3.63197619,-9.067657143,-12.43519048,-12.03867619,-11.23181429,-13.05233333,-15.31285238,-18.60529048,-16.20444286,2.143265854,-3.094190244,-3.604482927,-4.711814634,-2.310612195,-2.79732439,-5.179639024,-9.523997561,-5.875497561,-0.037498058,-0.033716505,-0.040551456,-0.025703883,-0.018412621,-0.010806796,0.00438932,-0.018347573,0.00921068,0.803579612,3.956804854,0.073215534,-0.695185437,-1.732518447,-1.040593204,-3.682139806,-1.386198058,-4.178746602
15.31733333,7.394314286,3.802452381,9.726914286,7.518852381,8.300195238,2.724809524,8.282704762,-1.322642857,10.44672439,1.855646341,0.374358537,2.795360976,0.856168293,2.668197561,-0.671663415,1.003212195,-4.617790244,0.032428155,-0.019676699,-0.035476699,-0.011614563,-0.014938835,-0.019254369,-0.0322,-0.029867961,-0.03784466,10.14947767,12.87784272,12.96617282,7.961764078,8.340358252,10.37942621,1.666019417,9.346871845,8.125009709
5.385295238,1.978842857,-1.858057143,-0.029180952,1.495661905,-1.627442857,-1.543447619,-1.453519048,-1.006761905,16.97688293,14.73232683,13.26982195,8.945592683,11.44869024,7.355968293,7.369470732,6.130870732,7.433346341,0.056721359,0.046475728,0.029243689,0.022009709,0.051976699,0.025445631,0.04024466,0.035491262,0.027452427,1.410685437,1.759816505,1.532006796,-3.138254369,1.587492233,1.808572816,0.609218447,-3.460861165,1.93931165
12.80212857,11.35385238,11.63331905,5.678066667,7.785180952,5.990857143,8.265842857,8.4744,9.224680952,22.05929268,20.37389756,20.65221463,16.78539512,17.63350488,13.11986585,14.66951707,16.93126341,13.7046,0.015261165,-0.005841748,0.000609709,-0.038647573,0.003271845,-0.003365049,0.006599029,0.004104854,0.022559223,-4.043642718,-14.24986214,-11.68323398,-11.17777573,-9.221784466,-8.773562136,-12.74234272,-7.759430097,-8.719681553
-0.361352381,-1.191695238,-1.442490476,-1.837547619,-1.743404762,-1.141161905,-2.580695238,-5.236061905,-4.097109524,-1.223439024,-0.154682927,-0.218470732,-4.553007317,-2.883460976,-1.662819512,-1.21902439,-4.745521951,-0.550785366,-0.069218447,-0.037934951,-0.031078641,-0.054598058,-0.052717476,-0.042997087,-0.019246602,-0.038820388,-0.002201942,-15.07615243,-18.01060485,-26.33182621,-18.72378835,-23.37955534,-21.3502466,-23.00778155,-26.90042233,-24.03137184
0.847919048,2.575695238,3.837852381,3.737352381,1.5125,2.164280952,2.666338095,0.970733333,2.029390476,-3.219353659,-5.925546341,-8.806212195,-1.940934146,-5.496917073,-6.037621951,-7.543090244,-9.205314634,-10.5063,-0.010421359,-0.007953398,-0.006017476,-0.00982233,-0.001627184,0.008861165,-0.013999029,0.01115534,0.002425243,6.868364078,5.864002913,2.166693204,2.967263107,6.248259223,-2.785731068,4.916933981,-0.279763107,1.96751068
-9.942161905,-13.99785714,-13.81639048,-9.670680952,-9.679447619,-10.79363333,-8.934361905,-10.12448095,-8.453161905,-1.986073171,-0.758139024,-0.795236585,-2.018604878,-1.537104878,-2.643517073,1.411973171,-0.768102439,0.13014878,0.11868835,0.078305825,0.079309709,0.09938932,0.062328155,0.104007767,0.069731068,0.097707767,0.066091262,5.321909709,-0.10725534,-0.101809709,2.231236893,-1.94238932,1.148453398,1.766328155,3.066628155,3.222905825
1.8008,4.242890476,6.306161905,4.096195238,5.195290476,5.183928571,8.296947619,8.435847619,9.290247619,-4.580382927,-3.862534146,-0.5028,-0.455626829,-2.642878049,0.571739024,0.187014634,2.916909756,0.492192683,0.075966019,0.078784466,0.094101942,0.06208835,0.067990291,0.084594175,0.068096117,0.110483495,0.06891165,3.444967961,9.66215534,9.259042718,5.105924272,7.831902913,4.873557282,9.890037864,6.719079612,12.96398738
-6.110085714,-5.034961905,-2.759038095,-5.225528571,-3.011752381,-2.253228571,-0.264038095,-3.725738095,-4.255290476,-5.960219512,3.011646341,5.535121951,0.890970732,1.549273171,2.088387805,4.842273171,-1.194621951,0.217487805,0.136583495,0.121179612,0.140326214,0.134634951,0.137241748,0.136393204,0.116878641,0.156413592,0.091248544,13.33698738,13.41276408,16.27283398,9.995284466,9.806867961,13.09655146,11.2231932,14.40393981,12.3810699
-2.968995238,-5.775133333,-2.454214286,-0.68552381,-3.11657619,-1.042414286,-1.662295238,1.806966667,-0.558219048,0.428963415,-3.178497561,-2.288690244,-0.098626829,-2.384726829,-1.601402439,-1.129329268,2.185470732,-1.047407317,0.084608738,0.021532039,0.023651456,0.041976699,0.076146602,0.04317767,0.051166019,0.063953398,0.039409709,-7.63748835,-13.52477476,-14.9879,-7.109064078,-14.74035922,-7.172846602,-12.37813786,-15.43436311,-12.00955922
0.162780952,0.7812,0.474761905,-0.292490476,1.373752381,-1.1672,0.075390476,-3.184357143,-0.752666667,18.71516341,20.26641951,23.4224439,14.1910561,16.77647317,15.5002,17.84625366,12.67173415,16.40773415,-0.094100971,-0.159750485,-0.179104854,-0.128915534,-0.128285437,-0.137483495,-0.124031068,-0.122324272,-0.131259223,3.568793204,6.073025243,11.28742039,9.137870874,3.353982524,9.559043689,7.362973786,10.40387864,7.589451456
0.936780952,2.297109524,-0.016719048,-2.114433333,1.234209524,-2.7401,-2.678571429,-7.803971429,-0.777919048,7.270331707,9.318619512,8.869665854,12.2507561,10.34769512,10.44769268,5.665914634,6.842385366,8.221368293,0.061629126,0.05252233,0.041564078,0.054408738,0.053070874,0.055094175,0.061731068,0.077740777,0.053482524,13.45880097,12.98633398,10.8826767,11.20588544,11.35447573,9.732619417,9.372497087,8.93772233,7.967643689
6.409395238,14.5803,16.4112381,11.78169524,11.58471429,13.46210952,14.4617619,13.29490476,14.18445238,3.741856098,13.67069512,15.45794634,13.7301,9.59245122,13.68875854,12.91196829,12.1328122,11.78751951,-0.031098058,-0.002106796,0.012719417,0.052233981,0.000951456,0.050435922,0.03396699,0.042952427,0.03587767,3.384319417,5.905520388,7.63001068,3.100616505,6.591405825,5.781880583,9.942756311,7.879392233,6.735087379
-21.96384286,-21.67305238,-21.50410476,-19.74040952,-28.18543333,-21.39174286,-23.98479524,-24.3571381,-23.07587619,0.982909756,-1.117319512,-5.815663415,-0.396209756,-5.266717073,-4.920468293,-9.51742439,-8.254753659,-13.11725122,-0.009593204,-0.030303883,-0.046397087,-0.02697767,-0.016209709,-0.038613592,-0.039436893,-0.094278641,-0.07756699,-3.445243689,-6.724057282,-8.383263107,-3.194116505,-6.235476699,-5.008974757,-10.66131262,-4.299271845,-9.685780583
-3.118066667,-8.100395238,-6.132328571,-4.71522381,-5.092,-3.661180952,-3.44467619,-2.932114286,-2.954680952,0.35477561,-5.205590244,-2.208007317,-1.77802439,-2.25882439,1.303931707,1.19542439,3.293063415,1.464380488,-0.011576699,-0.043963107,0.005545631,0.007427184,-0.018957282,0.016376699,-0.014973786,0.036539806,-0.037060194,3.607013592,1.474909709,2.579457282,10.10386699,3.17692233,7.21636699,5.338571845,9.792234951,3.486654369
-1.522304762,-3.613647619,3.221352381,1.6115,3.848152381,4.598619048,8.22247619,8.171195238,10.12910952,11.97026829,8.431268293,8.144043902,9.951292683,9.797692683,8.800241463,5.884458537,8.241512195,2.153165854,0.047821359,0.085252427,0.125340777,0.089599029,0.11548932,0.073296117,0.120678641,0.087440777,0.141425243,-8.26463301,-4.708776699,-7.148397087,-4.09524466,-7.969415534,-6.885341748,-6.757162136,-2.24786699,-5.207726214
-4.69272381,-5.736809524,-5.945171429,-4.377047619,-5.591709524,-2.708852381,-3.810285714,-6.282880952,-3.974080952,2.493863415,3.15604878,3.574243902,4.065841463,3.560529268,3.9725,1.635414634,0.042173171,1.183973171,0.022856311,0.008541748,-0.016806796,0.031793204,0.008566019,0.013768932,0.000215534,0.028192233,-0.023197087,2.795849515,19.28765146,20.58072524,14.96722136,9.212703883,11.66024757,14.3620466,7.586075728,13.47825825
-12.12737143,-14.43830952,-13.79070476,-4.8925,-1.334714286,-4.733709524,-3.267166667,-7.434538095,-2.346880952,-19.57049756,-17.12135854,-20.52061707,-12.46095366,-8.2341,-10.7911878,-11.67276341,-12.78363171,-10.60525366,-0.180454369,-0.123063107,-0.113531068,-0.074682524,-0.091630097,-0.110099029,-0.078909709,-0.143308738,-0.065801942,16.6615835,5.475691262,-9.483285437,12.95383301,-13.16941748,-8.026257282,-11.02307961,-7.336556311,-14.26172039
10.16293333,1.393557143,-6.630442857,6.323261905,2.800280952,-0.585761905,-5.083147619,-2.570247619,-8.812780952,18.37065122,2.671639024,-3.266131707,6.216192683,3.166546341,-2.010746341,-1.987765854,-1.886841463,-4.811743902,-0.077276699,-0.078349515,-0.112414563,-0.040075728,-0.066931068,-0.091898058,-0.088802913,-0.104145631,-0.093412621,-84.49572136,-62.22917087,-34.40273301,-42.45966117,-34.73963689,-17.92671942,-16.58206796,-16.46095146,-11.04538738
-11.58720476,-13.40217619,-11.71379048,-12.51823333,-10.71490476,-8.007490476,-6.480738095,-7.421709524,-7.083138095,-22.25782439,-14.41156098,-8.856346341,-9.676680488,-7.949585366,-6.9406,-4.45955122,-7.023136585,-4.089704878,0.083951456,0.106572816,0.160031068,0.095346602,0.165299029,0.112808738,0.184839806,0.145921359,0.242950485,6.744714563,17.29312039,12.06725825,1.783872816,-3.129748544,4.953006796,0.555698058,1.671775728,1.575760194
-1.276047619,-0.816190476,-1.278757143,0.82427619,-2.005247619,1.299257143,-0.253938095,0.542657143,-1.193057143,-2.914326829,7.629841463,7.931590244,5.898263415,3.671029268,4.869270732,6.120687805,8.707407317,5.235421951,-0.045349515,-0.047136893,-0.045981553,-0.014175728,-0.036126214,0.011106796,-0.031449515,0.023530097,-0.048471845,-12.00502233,0.407360194,-3.247574757,-0.456793204,-3.400831068,-2.391159223,2.303178641,0.056566019,6.692676699
3.880361905,2.348014286,2.216880952,-0.494880952,0.352204762,-0.095842857,-0.735238095,1.829366667,-1.18022381,8.263987805,7.780863415,7.463580488,1.753734146,7.900836585,1.453587805,7.187112195,3.553695122,4.369302439,0.026821359,0.041898058,0.038991262,0.016475728,0.055002913,0.023314563,0.052493204,0.045593204,0.042779612,-7.224666019,-12.22503981,-15.96358058,-8.921157282,-12.60734951,-11.15274272,-12.20937087,-8.133385437,-11.48052621
11.07680476,15.26900952,17.06697143,11.56831429,11.86893333,12.5811381,13.64750476,12.9790381,11.57762381,8.139309756,12.54260244,16.47504878,9.302307317,9.798843902,10.80451463,13.46740244,11.58599268,10.78803171,0.021897087,0.061958252,0.018191262,0.016745631,-0.012138835,-0.006091262,-0.006902913,0.005907767,-0.055643689,5.981841748,9.468234951,13.15425825,8.025583495,5.90253301,8.58588835,7.503812621,7.088359223,8.572528155
-13.79742857,-10.76590476,-6.331771429,-11.8319619,-5.404328571,-5.966547619,-5.94072381,-4.607757143,-1.829290476,-0.359785366,7.700492683,9.464482927,0.798446341,6.829078049,5.900995122,5.126736585,7.575560976,7.498243902,-0.092313592,-0.114145631,-0.091438835,-0.042015534,-0.073472816,-0.036872816,-0.070948544,-0.036527184,-0.056838835,18.73292913,14.45547573,18.90226214,5.922363107,12.75563204,9.627090291,13.61186019,13.02086602,13.33772524
-4.489419048,-4.537585714,-4.5494,-3.282361905,-7.389657143,-3.513609524,-4.301919048,-4.712780952,-5.465585714,8.793739024,12.48039268,12.48486341,5.791909756,7.910085366,8.410980488,9.902460976,5.004934146,8.722636585,0.028742718,0.008367961,-0.016317476,0.010125243,-0.006799029,-0.023515534,-0.032504854,-0.013701942,-0.060020388,2.74642233,2.28226699,6.922663107,1.449565049,6.005263107,3.380607767,10.45592039,7.795502913,6.908107767
0.515085714,0.801442857,-4.085942857,-1.500071429,-3.009471429,-2.154133333,-6.867557143,-5.655009524,-8.726409524,4.660070732,0.943565854,-2.440880488,-0.658217073,-1.412019512,-0.127134146,-7.5244,-3.59772439,-7.371434146,0.068148544,0.05527767,0.050709709,0.032026214,0.023341748,0.022983495,-0.00517767,-0.005750485,-0.027233981,-18.28150777,-16.50425922,-25.32528058,-14.10919903,-20.64953592,-17.69360777,-25.1155068,-21.89641262,-29.59537282
-6.112209524,-13.4920381,-12.52899048,-6.706138095,-12.73710952,-7.095295238,-10.86163333,-8.4519,-9.809780952,-9.16154878,-13.95931463,-19.59626829,-7.6547,-15.56705122,-9.241119512,-19.43732439,-13.11117073,-18.6814,-0.019694175,-0.055587379,-0.076568932,-0.028094175,-0.041194175,-0.032299029,-0.048550485,-0.050979612,-0.070850485,-8.782620388,-9.44075534,-16.14425437,-3.658863107,-7.899380583,-7.355827184,-13.40503204,-8.385091262,-18.48146311
0.301447619,-4.14967619,-12.9228619,-5.134119048,-5.776280952,-7.170228571,-8.82852381,-11.16582381,-14.60564762,6.066480488,11.87269024,5.96365122,8.340960976,4.871526829,6.676890244,4.448929268,3.523385366,1.50737561,-0.040366019,-0.074416505,-0.051756311,-0.045400971,-0.053732039,-0.031196117,-0.04001165,-0.009563107,-0.023150485,-15.00164175,-10.8384233,-10.18338447,-12.13074369,-14.87323592,-15.12987476,-10.65194466,-10.20395437,-10.04681748
4.748533333,5.703438095,10.75121905,3.985347619,8.158209524,5.12742381,6.169928571,5.512566667,4.629133333,4.774495122,0.418570732,2.213090244,2.101290244,1.702334146,0.125636585,-2.884470732,-0.045639024,-4.946756098,-0.013647573,-0.01407767,-0.011415534,-0.019902913,-0.019753398,-0.031448544,-0.016804854,-0.003181553,-0.009399029,1.893019417,3.888170874,1.466370874,7.626912621,2.020053398,7.266971845,0.957332039,4.009536893,-0.421207767
3.756238095,3.423333333,7.122957143,0.118680952,3.040738095,-1.37732381,2.634757143,-2.322247619,2.200285714,-3.114717073,1.597836585,3.500439024,-3.004434146,-0.457812195,-1.890480488,-0.883641463,-3.688334146,-1.359965854,0.007549515,-0.046850485,-0.025751456,-0.024057282,-0.036454369,-0.011428155,-0.04907767,-0.021078641,-0.065493204,-16.19629515,-16.57660194,-17.95757476,-22.30222039,-19.6990932,-21.42693495,-20.73693592,-23.74426019,-16.57501553
4.631019048,2.905852381,-0.577471429,3.015142857,2.70802381,3.044633333,0.350480952,4.575566667,-3.136880952,-8.767660976,-4.984014634,-5.695526829,-5.568217073,-9.355678049,-4.602646341,-6.342421951,-3.586217073,-8.91277561,0.049707767,0.002331068,-0.010835922,0.01306699,0.00675534,0.01484466,0.03105534,0.021780583,4.17E-05,-6.624115534,7.749862136,9.762734951,4.806729126,8.194205825,8.575534951,7.689387379,13.68806117,6.589959223
-21.24739524,-14.96104762,-13.75899048,-14.43578571,-14.83781429,-15.69512381,-14.91866667,-18.54547143,-12.86470952,-28.34955122,-18.98579024,-19.47092927,-16.38702683,-17.38887561,-18.17607317,-17.25607805,-20.2635878,-13.98240976,-0.047061165,-0.047520388,-0.030165049,-0.037961165,-0.022357282,-0.032563107,-0.035672816,-0.031285437,-0.02558932,33.91797379,15.70119029,5.044386408,17.68308155,14.18443592,15.8349932,5.352533981,3.845703883,-5.701580583
-10.86327143,-9.813914286,-11.8053,-11.23452857,-10.90389524,-12.01454762,-8.455442857,-15.1645381,-10.0726,-8.516385366,-7.042534146,-8.533292683,-9.22802439,-8.727034146,-8.181260976,-5.116182927,-7.025543902,-6.697582927,-0.030861165,-0.044290291,-0.033650485,0.003885437,0.003795146,-0.005764078,-0.019385437,0.009394175,-0.02203301,-8.381039806,-11.32525631,-13.77692039,-13.2751767,-13.18661262,-16.49445437,-14.09309709,-12.20400971,-10.08157282
9.286480952,11.7918619,6.479780952,6.369942857,11.53474286,7.997780952,11.1692619,7.562771429,9.848104762,5.730417073,9.353629268,3.510758537,3.150565854,8.021146341,5.257660976,8.692017073,5.066295122,5.600656098,0.103523301,0.103853398,0.108707767,0.068583495,0.107285437,0.069175728,0.083345631,0.074072816,0.117026214,12.44056602,11.37140874,13.11577379,13.63664563,8.670650485,15.3075233,13.90269029,11.29911748,10.10022427
4.675009524,5.223904762,3.762547619,4.1196,2.276619048,2.877004762,4.651280952,2.252147619,6.266238095,5.851341463,6.657339024,7.937229268,5.74385122,7.313390244,6.000539024,7.91124878,5.520660976,8.310139024,0.017204854,0.009491262,0.018721359,0.036196117,-0.002168932,0.060338835,0.01091068,0.090013592,0.00728835,-3.813860194,5.386654369,6.853454369,1.972462136,5.132395146,1.0323,3.116172816,0.966124272,2.108521359
-0.774895238,0.262461905,2.740990476,-1.964214286,1.132942857,-1.364352381,7.865219048,2.858528571,5.353704762,-0.590709756,-7.030641463,-4.295212195,-5.556731707,-4.983990244,-6.373609756,1.318902439,-3.05405122,-1.91522439,-0.035792233,-0.080312621,-0.093762136,-0.035118447,-0.087451456,-0.046515534,-0.074617476,-0.031930097,-0.100565049,-2.894699029,2.261348544,1.600184466,0.254,5.330264078,5.424893204,5.792340777,2.856084466,7.301062136
1.169019048,-0.325561905,-0.673504762,-1.56112381,-0.912757143,0.014319048,-1.14872381,-1.743661905,0.180733333,3.994970732,0.143873171,3.36957561,0.727363415,4.147139024,2.369602439,2.45407561,0.034578049,2.714004878,-0.016987379,-0.057516505,-0.062278641,-0.036678641,-0.025160194,-0.03586699,-0.048809709,-0.060707767,-0.031349515,8.831030097,11.68523592,14.16517476,12.38696408,11.82939612,12.90959806,8.848025243,11.37117476,10.69810777
3.142861905,4.06687619,0.349328571,2.822585714,1.3171,3.121328571,-2.308357143,1.407214286,-3.08957619,8.672621951,11.64492683,10.73982683,8.034509756,10.0505878,9.837741463,8.912439024,10.27658049,10.67462195,0.019151456,0.02981165,0.043335922,0.043656311,0.045282524,0.044097087,0.024536893,0.040959223,0.038571845,16.8538932,8.683839806,12.75716602,6.583939806,9.065845631,6.432185437,11.04768252,2.769551456,9.402469903
-12.01100476,-12.53239048,-15.86492857,-9.624852381,-16.45817143,-11.93617143,-17.21488095,-16.78960952,-20.80300952,-6.493246341,-4.399341463,-8.800746341,-5.871992683,-9.130968293,-8.709765854,-9.366002439,-12.53856829,-12.79022195,-0.056421359,-0.068369903,-0.07353301,-0.030035922,-0.068427184,-0.033660194,-0.088326214,-0.026894175,-0.111778641,-16.6058,1.439523301,1.878303883,-0.522562136,-0.30184466,-1.855882524,-3.15363301,0.040932039,2.983284466
-10.36715714,-9.327204762,-10.58815714,-5.698914286,-9.376542857,-5.744752381,-8.394319048,-6.2382,-7.7866,-11.59247561,-9.373812195,-11.56140732,-7.949734146,-7.567570732,-10.60425854,-7.742346341,-14.23863902,-8.482717073,-0.048676699,-0.036195146,-0.02974466,-0.031893204,-0.013287379,-0.013201942,-0.006929126,0.054659223,-0.014484466,19.11965049,10.70476699,-0.676157282,5.509096117,5.129768932,-0.168946602,-0.880200971,-9.287500971,-7.968905825
7.409080952,8.240638095,11.0689,11.36328095,11.71040476,11.98021905,12.02060476,6.915014286,13.10599048,9.22242439,6.499895122,3.689063415,6.851990244,4.646107317,3.025197561,2.536082927,-0.403890244,5.794319512,-0.052962136,-0.012723301,0.006324272,-0.004133981,-0.027431068,-0.014119417,-0.032325243,0.015471845,0.000915534,2.762990291,-6.606578641,-6.534803883,-2.427997087,-9.29214466,-1.435565049,-6.750876699,-1.352785437,-4.020940777
3.013161905,1.753852381,0.667980952,-0.538871429,1.483109524,-3.452404762,-3.1883,-6.354895238,-4.9481,15.28612195,11.17283171,4.15025122,13.55960488,8.598878049,9.477897561,3.52087561,5.291407317,0.524485366,0.003138835,-0.02993301,-0.006773786,0.01564466,0.029509709,0.02047767,0.014694175,0.01658932,0.024156311,0.891984466,6.998293204,2.662066019,-0.435953398,2.348629126,-2.878060194,3.928276699,-1.993779612,1.122085437
7.528204762,8.725328571,8.504790476,7.653404762,8.985266667,9.019061905,9.312904762,12.58111905,10.96149048,11.53737073,11.58462683,6.69667561,9.257973171,9.909434146,9.278702439,8.179480488,7.303853659,8.076353659,0.11015534,0.122800971,0.122552427,0.141487379,0.121651456,0.151878641,0.114001942,0.156060194,0.128382524,7.746682524,5.236628155,6.528942718,7.811440777,4.112198058,2.977360194,3.958383495,2.854498058,0.890871845
-0.458042857,2.045833333,2.033271429,-0.477671429,2.615404762,0.466961905,4.713904762,3.221380952,4.306866667,3.634473171,4.320031707,2.48822439,1.595002439,4.090992683,1.91337561,4.873646341,3.257014634,3.143056098,-0.018369903,-0.012037864,0.006976699,0.000106796,-0.0116,-0.006097087,0.00713301,0.007462136,0.014119417,4.415793204,3.89576699,8.678057282,3.625120388,8.244541748,2.150362136,8.5363,5.478398058,9.034484466
-8.829552381,-10.65598571,-6.968547619,-5.859804762,-9.747766667,-2.764061905,-5.300714286,-2.766219048,-1.394947619,1.379934146,0.064129268,2.42907561,1.356236585,-3.078187805,4.661702439,-1.232526829,0.736653659,2.022104878,0.125960194,0.107986408,0.115754369,0.096247573,0.119554369,0.097899029,0.097807767,0.117600971,0.096469903,0.611917476,2.232825243,-2.60642233,-1.687337864,0.233840777,-1.943103883,1.515137864,0.062206796,9.015484466
-12.57574762,-23.14101905,-23.79727619,-13.4136,-14.42719048,-16.29297143,-16.8247619,-16.40481429,-19.12565714,-0.639526829,-5.438804878,-5.343268293,0.262478049,-5.789695122,-5.978192683,-4.063936585,-6.017714634,-6.113204878,0.11213301,0.068327184,0.053715534,0.060698058,0.08266699,0.050135922,0.068203883,0.018684466,0.042143689,-7.074204854,-9.534893204,-6.803217476,-7.606606796,-9.051234951,-2.718558252,-6.437366019,-8.886996117,-8.457228155
-13.3971619,-10.39846667,-4.680957143,-6.972580952,-5.790971429,-4.512714286,-3.186633333,-5.819109524,-0.318347619,-0.67695122,10.01719512,12.13236585,4.110978049,5.911314634,8.734119512,8.839117073,7.794258537,12.72152683,-0.108456311,-0.119243689,-0.145871845,-0.052434951,-0.155881553,-0.06016699,-0.146323301,-0.091427184,-0.166590291,-2.612332039,-8.371042718,-4.763834951,-6.667082524,-9.644423301,-5.583215534,-8.572503883,-5.917241748,-8.713660194
-10.74400952,-9.334138095,-8.984771429,-8.087466667,-6.8716,-5.786090476,-6.484295238,-7.437747619,-5.651390476,0.111890244,3.287141463,5.646236585,-1.190870732,1.439107317,0.381760976,1.825653659,-1.991319512,1.403912195,-0.098720388,-0.103576699,-0.080932039,-0.067550485,-0.055875728,-0.077099029,-0.03667767,-0.087269903,-0.020649515,2.405400971,2.227561165,6.884387379,0.309307767,-1.258921359,-2.571272816,-0.515992233,-1.921726214,0.293530097
2.287990476,4.427538095,2.079447619,2.335285714,3.845480952,0.93787619,3.829795238,0.361133333,3.130833333,3.17202439,-0.084202439,0.774809756,-1.712768293,1.033046341,-0.94062439,2.378860976,1.841934146,2.565992683,-0.038884466,-0.043433981,-0.057675728,-0.046718447,-0.042452427,-0.060672816,-0.049643689,-0.064042718,-0.075721359,0.246715534,-2.613349515,-1.356826214,2.801296117,-1.652201942,-3.930337864,1.759780583,-10.48170097,-2.178959223
-2.447514286,-2.130785714,0.32942381,-3.912361905,-0.746480952,-6.1,2.054190476,-3.746204762,1.712447619,3.875485366,0.034085366,-2.879978049,0.646073171,-1.237387805,-0.876580488,-2.965097561,-6.574968293,-4.868870732,-0.080803883,-0.02355534,-0.022072816,0.013453398,-0.010260194,-0.0069,0.018998058,-0.039585437,0.048734951,1.957707767,1.505582524,2.198517476,0.508562136,3.496878641,0.270626214,5.852765049,2.016770874,2.680853398
9.153985714,10.93035238,10.32134762,8.645828571,8.173385714,9.620704762,8.62732381,11.36027143,7.172538095,2.625134146,8.069878049,7.02245122,6.973492683,4.413921951,6.000426829,5.464712195,3.998921951,3.704258537,0.102771845,0.08224466,0.100184466,0.09435534,0.090704854,0.113339806,0.099171845,0.151993204,0.105026214,17.13971165,19.44113107,17.25297087,13.17609806,15.16427864,16.36895437,14.48372427,15.49494369,13.4789165
0.431947619,-0.854561905,-6.873909524,-1.377133333,-1.801180952,-1.020571429,-4.681509524,-0.067538095,-5.20092381,9.247436585,9.251253659,9.942385366,3.986670732,6.7952,3.876117073,6.435697561,4.599609756,8.768504878,0.044529126,0.038200971,0.010656311,0.033901942,0.034167961,0.034279612,0.038108738,0.045970874,0.004003883,0.681949515,4.78384466,0.555899029,3.896119417,4.485700971,2.458868932,-1.635071845,3.250012621,0.908086408
5.340590476,-0.192852381,-3.979880952,-0.02737619,-0.749266667,0.557361905,-3.341509524,0.027761905,-6.819247619,2.148039024,0.969053659,-1.763797561,-3.956346341,-1.465131707,-3.49427561,-1.952843902,-6.245217073,-4.132807317,0.058971845,0.048667961,0.044387379,0.028634951,0.047729126,0.042206796,0.03361068,0.062360194,0.028235922,2.947882524,0.726299029,6.341699029,1.03033301,1.889021359,-0.239183495,2.298120388,-2.901479612,3.70512233
21.39851905,14.46612381,10.68360952,12.80717143,11.69871905,10.8058381,8.659742857,11.9791619,8.167533333,25.06451707,13.33093902,7.366573171,15.1866878,10.39826585,13.15093659,6.976339024,10.69965122,5.629512195,0.018299029,0.039886408,0.058015534,-0.011253398,0.023079612,0.034497087,0.012860194,0.07638932,0.015027184,27.36588058,31.90126019,39.0180699,39.28657864,33.75999029,24.38574854,26.19766796,26.12770097,22.9761466
-11.60666667,-14.65544286,-22.87850476,-18.22539048,-20.43779524,-12.52066667,-13.12659048,-13.59909048,-15.73232381,-5.087141463,-10.32299268,-22.88637805,-20.42733415,-19.25228537,-12.11120244,-11.12660732,-13.7085878,-14.57261463,-0.021609709,-0.046307767,-0.08528835,-0.059363107,-0.052166019,-0.02888835,-0.072138835,-0.057907767,-0.090773786,-8.057479612,6.81675534,42.50063495,22.21658058,22.50821359,6.657631068,13.68364175,16.40066408,17.93517379
